budget_id,per_class_cap,comparison_id,comparison,candidate_model_role,baseline_model_role,metric,higher_is_better,paired_seed_count,mean_delta,median_delta,sample_standard_deviation,min_delta,max_delta,wins,losses,ties,worst_seed,worst_seed_delta
cap25,25,mh_nocons_vs_m1_current_k6,mh_nocons - m1_current_k6,mh_nocons,m1_current_k6,macro_f1,True,5,0.024483284021626407,0.025503337099884726,0.017818667097189878,-0.0011589833311481668,0.04685263799575656,4,1,0,1,-0.0011589833311481668
cap25,25,mh_nocons_vs_m1_current_k6,mh_nocons - m1_current_k6,mh_nocons,m1_current_k6,mean_iou,True,5,0.021376113522396156,0.02549477416291923,0.0280007788007033,-0.021300945333962484,0.05420771588092865,4,1,0,1,-0.021300945333962484
cap25,25,mh_nocons_vs_m1_current_k6,mh_nocons - m1_current_k6,mh_nocons,m1_current_k6,balanced_accuracy,True,5,0.0280696104520435,0.022994650299063002,0.01978035832940948,0.013288535634968568,0.06179397996779579,5,0,0,3,0.013288535634968568
cap25,25,mh_nocons_vs_m1_current_k6,mh_nocons - m1_current_k6,mh_nocons,m1_current_k6,accuracy,True,5,0.02963185120901186,0.030165739275443748,0.04358328373214987,-0.035257882825395215,0.08430539248217539,4,1,0,1,-0.035257882825395215
cap25,25,mh_nocons_vs_m1_current_k6,mh_nocons - m1_current_k6,mh_nocons,m1_current_k6,weighted_f1,True,5,0.02421139840479385,0.030530355625931094,0.038529750050559065,-0.034231016225920285,0.0709840291339131,4,1,0,1,-0.034231016225920285
cap25,25,mh_nocons_vs_m1_current_k6,mh_nocons - m1_current_k6,mh_nocons,m1_current_k6,boundary_region_macro_f1_r2,True,5,0.003930237122096214,0.0019687220776621883,0.03173964369919584,-0.03969132585087487,0.045251414516742194,3,2,0,4,-0.03969132585087487
cap25,25,mh_nocons_vs_m1_current_k6,mh_nocons - m1_current_k6,mh_nocons,m1_current_k6,boundary_region_macro_f1_r4,True,5,0.005699905682887552,0.0029366775279635604,0.029490894948259946,-0.032925077953863124,0.04580515712469313,3,2,0,4,-0.032925077953863124
cap25,25,mh_nocons_vs_m1_current_k6,mh_nocons - m1_current_k6,mh_nocons,m1_current_k6,boundary_region_mean_iou_r2,True,5,0.003186882111429268,-0.00047784563502167865,0.02663982410783071,-0.03284463777252139,0.0354899318876962,2,3,0,4,-0.03284463777252139
cap25,25,mh_nocons_vs_m1_current_k6,mh_nocons - m1_current_k6,mh_nocons,m1_current_k6,boundary_region_mean_iou_r4,True,5,0.004098780884405772,-0.0009183904302682011,0.028166005160561672,-0.030120075048790607,0.04043848358855229,2,3,0,4,-0.030120075048790607
cap25,25,mh_nocons_vs_m1_current_k6,mh_nocons - m1_current_k6,mh_nocons,m1_current_k6,boundary_f1_t2,True,5,0.01722851324527533,0.017496522566465694,0.02855170472342305,-0.02550339886949854,0.05414301562215826,4,1,0,1,-0.02550339886949854
cap25,25,mh_nocons_vs_m1_current_k6,mh_nocons - m1_current_k6,mh_nocons,m1_current_k6,boundary_f1_t4,True,5,0.02276139831590176,0.030745956372853267,0.047903258613904515,-0.05646182761194535,0.07098772709873019,4,1,0,1,-0.05646182761194535
cap25,25,mh_nocons_vs_m1_current_k6,mh_nocons - m1_current_k6,mh_nocons,m1_current_k6,vertical_boundary_position_mae,False,5,-0.009116296490902887,0.0029388629140589817,0.07651113833900254,-0.11116015851774441,0.07316282951719555,2,3,0,0,0.07316282951719555
cap25,25,mh_nocons_vs_m1_current_k6,mh_nocons - m1_current_k6,mh_nocons,m1_current_k6,class_3_f1,True,5,0.03317817921398856,0.05882020864134613,0.04603425173151643,-0.026070075481964494,0.07803529655720193,3,2,0,0,-0.026070075481964494
cap25,25,mh_nocons_vs_m1_current_k6,mh_nocons - m1_current_k6,mh_nocons,m1_current_k6,class_3_iou,True,5,0.026886698198023983,0.04553349193670056,0.03575231732385965,-0.018348281652538073,0.06000108151289829,3,2,0,0,-0.018348281652538073
cap25,25,mh_nocons_vs_m1_current_k6,mh_nocons - m1_current_k6,mh_nocons,m1_current_k6,class_3_boundary_recall_t2,True,5,0.03449959316517494,0.019121236777868145,0.11159086944815412,-0.1143205858421481,0.17615947925142394,3,2,0,2,-0.1143205858421481
cap25,25,mh_nocons_vs_m1_current_k6,mh_nocons - m1_current_k6,mh_nocons,m1_current_k6,class_3_boundary_recall_t4,True,5,0.03466232709519934,0.026444263628966624,0.12554707812711813,-0.15134255492270143,0.19446704637917006,4,1,0,2,-0.15134255492270143
cap25,25,mh_nocons_vs_m1_current_k6,mh_nocons - m1_current_k6,mh_nocons,m1_current_k6,class_5_f1,True,5,0.05913492185693593,0.04684665173896574,0.051597510402653576,0.013745446069614087,0.14536526153272364,5,0,0,2,0.013745446069614087
cap25,25,mh_nocons_vs_m1_current_k6,mh_nocons - m1_current_k6,mh_nocons,m1_current_k6,class_5_iou,True,5,0.035209179689860884,0.029735527916984958,0.028715943478753555,0.009445147721377584,0.08314664098020333,5,0,0,2,0.009445147721377584
cap25,25,mh_nocons_vs_m1_current_k6,mh_nocons - m1_current_k6,mh_nocons,m1_current_k6,class_5_boundary_recall_t2,True,5,0.0681081081081081,0.04864864864864865,0.08737717038815217,-0.016216216216216217,0.21621621621621623,4,1,0,3,-0.016216216216216217
cap25,25,mh_nocons_vs_m1_current_k6,mh_nocons - m1_current_k6,mh_nocons,m1_current_k6,class_5_boundary_recall_t4,True,5,0.08108108108108109,0.032432432432432434,0.14940837795767842,-0.05405405405405406,0.32972972972972975,3,1,1,3,-0.05405405405405406
cap25,25,mh_cons010_vs_mh_nocons,mh_cons010 - mh_nocons,mh_cons010,mh_nocons,macro_f1,True,5,0.008998973149768852,0.011174165497721433,0.010821419320283505,-0.005359017226498897,0.021629079982607435,4,1,0,4,-0.005359017226498897
cap25,25,mh_cons010_vs_mh_nocons,mh_cons010 - mh_nocons,mh_cons010,mh_nocons,mean_iou,True,5,0.011162342761272204,0.012699369500024094,0.008430788607561567,-0.0018032406869532558,0.01910268500408896,4,1,0,2,-0.0018032406869532558
cap25,25,mh_cons010_vs_mh_nocons,mh_cons010 - mh_nocons,mh_cons010,mh_nocons,balanced_accuracy,True,5,-0.0074463395119277465,-0.008377129401332395,0.009188250782112077,-0.014810484434914617,0.007822891093968387,1,4,0,4,-0.014810484434914617
cap25,25,mh_cons010_vs_mh_nocons,mh_cons010 - mh_nocons,mh_cons010,mh_nocons,accuracy,True,5,0.015152211275035321,0.01797352255517548,0.012596277209552276,-0.0054473599128762595,0.027630302720914823,4,1,0,2,-0.0054473599128762595
cap25,25,mh_cons010_vs_mh_nocons,mh_cons010 - mh_nocons,mh_cons010,mh_nocons,weighted_f1,True,5,0.012112639816002014,0.016754847445560106,0.009277711290849753,-0.0042662409863306605,0.017247583929857035,4,1,0,2,-0.0042662409863306605
cap25,25,mh_cons010_vs_mh_nocons,mh_cons010 - mh_nocons,mh_cons010,mh_nocons,boundary_region_macro_f1_r2,True,5,0.011416204977224575,0.017076910167800552,0.014726026969751397,-0.011905488100448003,0.025058619797794557,4,1,0,2,-0.011905488100448003
cap25,25,mh_cons010_vs_mh_nocons,mh_cons010 - mh_nocons,mh_cons010,mh_nocons,boundary_region_macro_f1_r4,True,5,0.01045542967934554,0.012203688095783816,0.016932081491686145,-0.011216925098756159,0.028793656836214876,3,2,0,2,-0.011216925098756159
cap25,25,mh_cons010_vs_mh_nocons,mh_cons010 - mh_nocons,mh_cons010,mh_nocons,boundary_region_mean_iou_r2,True,5,0.010069944488608535,0.016800077849848993,0.014613165144522397,-0.012501191731002115,0.023644253582938868,4,1,0,2,-0.012501191731002115
cap25,25,mh_cons010_vs_mh_nocons,mh_cons010 - mh_nocons,mh_cons010,mh_nocons,boundary_region_mean_iou_r4,True,5,0.01115675578379165,0.022288409774291307,0.017854193157560372,-0.011707163360185235,0.02623106837689282,3,2,0,2,-0.011707163360185235
cap25,25,mh_cons010_vs_mh_nocons,mh_cons010 - mh_nocons,mh_cons010,mh_nocons,boundary_f1_t2,True,5,0.018245005287097642,0.024324843852339878,0.021828438239171792,-0.015116090600451215,0.043271721175495464,4,1,0,2,-0.015116090600451215
cap25,25,mh_cons010_vs_mh_nocons,mh_cons010 - mh_nocons,mh_cons010,mh_nocons,boundary_f1_t4,True,5,0.02280511589366836,0.03203426826646322,0.02616510933417741,-0.010988018379967046,0.05413648425780504,4,1,0,2,-0.010988018379967046
cap25,25,mh_cons010_vs_mh_nocons,mh_cons010 - mh_nocons,mh_cons010,mh_nocons,vertical_boundary_position_mae,False,5,-0.026593755779119023,-0.04411675382811886,0.04362542733879535,-0.06871922739112435,0.044598853423270635,4,1,0,2,0.044598853423270635
cap25,25,mh_cons010_vs_mh_nocons,mh_cons010 - mh_nocons,mh_cons010,mh_nocons,class_3_f1,True,5,2.1194009944047743e-05,-0.0043101155565898885,0.06701548598435142,-0.05921502679830054,0.10272033181620538,2,3,0,3,-0.05921502679830054
cap25,25,mh_cons010_vs_mh_nocons,mh_cons010 - mh_nocons,mh_cons010,mh_nocons,class_3_iou,True,5,-0.0015463007366173565,-0.003411468711686294,0.05169060505422923,-0.05225306848571604,0.07576708362344489,2,3,0,3,-0.05225306848571604
cap25,25,mh_cons010_vs_mh_nocons,mh_cons010 - mh_nocons,mh_cons010,mh_nocons,class_3_boundary_recall_t2,True,5,0.0005695687550854367,-0.008136696501220508,0.06616390169987367,-0.08136696501220503,0.09926769731489016,2,3,0,4,-0.08136696501220503
cap25,25,mh_cons010_vs_mh_nocons,mh_cons010 - mh_nocons,mh_cons010,mh_nocons,class_3_boundary_recall_t4,True,5,0.003824247355573607,-0.00528885272579338,0.11927846193725343,-0.16192026037428808,0.17209113100081364,2,3,0,4,-0.16192026037428808
cap25,25,mh_cons010_vs_mh_nocons,mh_cons010 - mh_nocons,mh_cons010,mh_nocons,class_5_f1,True,5,0.010963322002161324,0.013357705997304292,0.045478709923142895,-0.05002184751511668,0.07633810096877072,3,2,0,4,-0.05002184751511668
cap25,25,mh_cons010_vs_mh_nocons,mh_cons010 - mh_nocons,mh_cons010,mh_nocons,class_5_iou,True,5,0.0075013736958210895,0.008319674066660995,0.03014029215805274,-0.03169045873400224,0.05201752146160532,3,2,0,4,-0.03169045873400224
cap25,25,mh_cons010_vs_mh_nocons,mh_cons010 - mh_nocons,mh_cons010,mh_nocons,class_5_boundary_recall_t2,True,5,0.05621621621621622,0.0918918918918919,0.0995680957816784,-0.06486486486486487,0.16216216216216217,3,2,0,4,-0.06486486486486487
cap25,25,mh_cons010_vs_mh_nocons,mh_cons010 - mh_nocons,mh_cons010,mh_nocons,class_5_boundary_recall_t4,True,5,0.02810810810810811,0.08648648648648649,0.11564283443883992,-0.10270270270270271,0.12972972972972974,3,2,0,0,-0.10270270270270271
cap25,25,mh_cons010_vs_m1_current_k6,mh_cons010 - m1_current_k6,mh_cons010,m1_current_k6,macro_f1,True,5,0.03348225717139526,0.03401540519356794,0.01873870873121453,0.010015182166573267,0.05460518805584891,5,0,0,1,0.010015182166573267
cap25,25,mh_cons010_vs_m1_current_k6,mh_cons010 - m1_current_k6,mh_cons010,m1_current_k6,mean_iou,True,5,0.03253845628366836,0.03367305718620495,0.021892813104756333,-0.0036663283680469783,0.0524044751939754,4,1,0,1,-0.0036663283680469783
cap25,25,mh_cons010_vs_m1_current_k6,mh_cons010 - m1_current_k6,mh_cons010,m1_current_k6,balanced_accuracy,True,5,0.020623270940115755,0.02035403740778663,0.022870647302971916,-0.0011895959921964794,0.05341685056646339,3,2,0,3,-0.0011895959921964794
cap25,25,mh_cons010_vs_m1_current_k6,mh_cons010 - m1_current_k6,mh_cons010,m1_current_k6,accuracy,True,5,0.044784062484047184,0.04813926183061923,0.04031843706498584,-0.021493780523082706,0.07885803256929913,4,1,0,1,-0.021493780523082706
cap25,25,mh_cons010_vs_m1_current_k6,mh_cons010 - m1_current_k6,mh_cons010,m1_current_k6,weighted_f1,True,5,0.036324038220795864,0.04772245700787825,0.03428031010308038,-0.020596108916943856,0.06671778814758245,4,1,0,1,-0.020596108916943856
cap25,25,mh_cons010_vs_m1_current_k6,mh_cons010 - m1_current_k6,mh_cons010,m1_current_k6,boundary_region_macro_f1_r2,True,5,0.01534644209932079,0.01686480755757258,0.026751179423807177,-0.022614415683074318,0.05170236005241591,4,1,0,4,-0.022614415683074318
cap25,25,mh_cons010_vs_m1_current_k6,mh_cons010 - m1_current_k6,mh_cons010,m1_current_k6,boundary_region_macro_f1_r4,True,5,0.01615533536223309,0.021532238538612303,0.024212230336057967,-0.02072138985807931,0.044082667548235976,4,1,0,4,-0.02072138985807931
cap25,25,mh_cons010_vs_m1_current_k6,mh_cons010 - m1_current_k6,mh_cons010,m1_current_k6,boundary_region_mean_iou_r2,True,5,0.013256826600037802,0.010486955799282771,0.017379218665012564,-0.009200384189582522,0.03919000131166575,4,1,0,4,-0.009200384189582522
cap25,25,mh_cons010_vs_m1_current_k6,mh_cons010 - m1_current_k6,mh_cons010,m1_current_k6,boundary_region_mean_iou_r4,True,5,0.015255536668197423,0.013716658636928336,0.015426616185091986,-0.006570261192093252,0.03586013385981429,4,1,0,4,-0.006570261192093252
cap25,25,mh_cons010_vs_m1_current_k6,mh_cons010 - m1_current_k6,mh_cons010,m1_current_k6,boundary_f1_t2,True,5,0.035473518532372975,0.03902692502170704,0.022083217099386702,-0.0011785550171586612,0.05795361805106372,4,1,0,1,-0.0011785550171586612
cap25,25,mh_cons010_vs_m1_current_k6,mh_cons010 - m1_current_k6,mh_cons010,m1_current_k6,boundary_f1_t4,True,5,0.04556651420957012,0.05516062015772227,0.03970124736990691,-0.021122722879651945,0.0848824406306583,4,1,0,1,-0.021122722879651945
cap25,25,mh_cons010_vs_m1_current_k6,mh_cons010 - m1_current_k6,mh_cons010,m1_current_k6,vertical_boundary_position_mae,False,5,-0.03571005227002191,0.003336206546449283,0.07677111130522135,-0.12945332193682724,0.047537716337329616,2,3,0,2,0.047537716337329616
cap25,25,mh_cons010_vs_m1_current_k6,mh_cons010 - m1_current_k6,mh_cons010,m1_current_k6,class_3_f1,True,5,0.033199373223932606,0.0019031031945789811,0.05019434211541614,-0.010173603812564325,0.0980119285603619,3,2,0,1,-0.010173603812564325
cap25,25,mh_cons010_vs_m1_current_k6,mh_cons010 - m1_current_k6,mh_cons010,m1_current_k6,class_3_iou,True,5,0.02534039746140663,0.0013708852639477964,0.038664482211226876,-0.008082289501513296,0.07632963807652171,3,2,0,1,-0.008082289501513296
cap25,25,mh_cons010_vs_m1_current_k6,mh_cons010 - m1_current_k6,mh_cons010,m1_current_k6,class_3_boundary_recall_t2,True,5,0.03506916192026037,0.037428803905614316,0.0958868342388401,-0.0951993490642799,0.15093572009764034,3,2,0,4,-0.0951993490642799
cap25,25,mh_cons010_vs_m1_current_k6,mh_cons010 - m1_current_k6,mh_cons010,m1_current_k6,class_3_boundary_recall_t4,True,5,0.03848657445077295,0.056143205858421474,0.11754590954594402,-0.1436126932465419,0.17900732302685107,4,1,0,4,-0.1436126932465419
cap25,25,mh_cons010_vs_m1_current_k6,mh_cons010 - m1_current_k6,mh_cons010,m1_current_k6,class_5_f1,True,5,0.07009824385909726,0.08088675941046182,0.07573883538573446,-0.022407198856253002,0.15872296753002793,4,1,0,4,-0.022407198856253002
cap25,25,mh_cons010_vs_m1_current_k6,mh_cons010 - m1_current_k6,mh_cons010,m1_current_k6,class_5_iou,True,5,0.04271055338568197,0.047380754402673156,0.04587193190874266,-0.013975399673750583,0.09146631504686434,4,1,0,4,-0.013975399673750583
cap25,25,mh_cons010_vs_m1_current_k6,mh_cons010 - m1_current_k6,mh_cons010,m1_current_k6,class_5_boundary_recall_t2,True,5,0.12432432432432435,0.10810810810810811,0.156103017061553,-0.010810810810810811,0.3783783783783784,4,1,0,4,-0.010810810810810811
cap25,25,mh_cons010_vs_m1_current_k6,mh_cons010 - m1_current_k6,mh_cons010,m1_current_k6,class_5_boundary_recall_t4,True,5,0.10918918918918918,0.06486486486486487,0.2041712568368392,-0.05945945945945946,0.4594594594594595,3,2,0,4,-0.05945945945945946
cap25,25,mh_nocons_vs_mae,mh_nocons - mae,mh_nocons,mae,macro_f1,True,5,0.043504325641770134,0.053083325328137865,0.021689658622011356,0.005059920341176083,0.05676366954957979,5,0,0,0,0.005059920341176083
cap25,25,mh_nocons_vs_mae,mh_nocons - mae,mh_nocons,mae,mean_iou,True,5,0.05602032765781937,0.06102355932922532,0.01638729523614169,0.02783015838141606,0.06815473175445408,5,0,0,0,0.02783015838141606
cap25,25,mh_nocons_vs_mae,mh_nocons - mae,mh_nocons,mae,balanced_accuracy,True,5,0.03235066024930307,0.020977413763412667,0.033033983524480184,-0.0009950209331165416,0.0835868351565685,4,1,0,1,-0.0009950209331165416
cap25,25,mh_nocons_vs_mae,mh_nocons - mae,mh_nocons,mae,accuracy,True,5,0.06469234434291357,0.07391265506151412,0.03554867026914744,0.003445811424779288,0.09028451341739419,5,0,0,0,0.003445811424779288
cap25,25,mh_nocons_vs_mae,mh_nocons - mae,mh_nocons,mae,weighted_f1,True,5,0.06704831547388686,0.0685549595402839,0.024763036174515824,0.028042488009535016,0.09685260048031885,5,0,0,0,0.028042488009535016
cap25,25,mh_nocons_vs_mae,mh_nocons - mae,mh_nocons,mae,boundary_region_macro_f1_r2,True,5,0.0014134337891893224,0.0063977090829359096,0.03212798172562425,-0.031604666680217997,0.044153652680150146,3,2,0,4,-0.031604666680217997
cap25,25,mh_nocons_vs_mae,mh_nocons - mae,mh_nocons,mae,boundary_region_macro_f1_r4,True,5,0.006609715516300496,0.00911612960100755,0.029865296812094322,-0.02361771417050268,0.04725980793398238,3,2,0,1,-0.02361771417050268
cap25,25,mh_nocons_vs_mae,mh_nocons - mae,mh_nocons,mae,boundary_region_mean_iou_r2,True,5,0.0024228876249808738,0.004480776326152958,0.029483726051192947,-0.026685897215095455,0.04107923904556282,3,2,0,4,-0.026685897215095455
cap25,25,mh_nocons_vs_mae,mh_nocons - mae,mh_nocons,mae,boundary_region_mean_iou_r4,True,5,0.007097833332264869,0.008670125845457066,0.030620833212499515,-0.024905496266424743,0.04543245009462188,3,2,0,1,-0.024905496266424743
cap25,25,mh_nocons_vs_mae,mh_nocons - mae,mh_nocons,mae,boundary_f1_t2,True,5,0.014740033200390357,0.01725216996194573,0.02710597110127837,-0.027150207833604972,0.0416930327325232,4,1,0,1,-0.027150207833604972
cap25,25,mh_nocons_vs_mae,mh_nocons - mae,mh_nocons,mae,boundary_f1_t4,True,5,0.030365469430276883,0.02797546066549983,0.03329132216901688,-0.019421387854068994,0.06538798736941226,4,1,0,1,-0.019421387854068994
cap25,25,mh_nocons_vs_mae,mh_nocons - mae,mh_nocons,mae,vertical_boundary_position_mae,False,5,0.05726665036110958,0.04415118763496384,0.0456622207598365,0.01591210529664333,0.12723467021790746,0,5,0,1,0.12723467021790746
cap25,25,mh_nocons_vs_mae,mh_nocons - mae,mh_nocons,mae,class_3_f1,True,5,0.017699831455461813,0.03397198472954899,0.040689036827934406,-0.05192088325359229,0.050436932885484675,4,1,0,0,-0.05192088325359229
cap25,25,mh_nocons_vs_mae,mh_nocons - mae,mh_nocons,mae,class_3_iou,True,5,0.015431758622731767,0.026397023463611946,0.03136604177032586,-0.03711583330254378,0.04476294157399113,4,1,0,0,-0.03711583330254378
cap25,25,mh_nocons_vs_mae,mh_nocons - mae,mh_nocons,mae,class_3_boundary_recall_t2,True,5,-0.018307567127746137,-0.034987794955248175,0.06674695357924962,-0.09113100081366965,0.07282343368592353,2,3,0,3,-0.09113100081366965
cap25,25,mh_nocons_vs_mae,mh_nocons - mae,mh_nocons,mae,class_3_boundary_recall_t4,True,5,-0.019121236777868166,-0.007323026851098424,0.09169365636504245,-0.1265256305939788,0.11025223759153785,2,3,0,3,-0.1265256305939788
cap25,25,mh_nocons_vs_mae,mh_nocons - mae,mh_nocons,mae,class_5_f1,True,5,-0.007713499329027806,0.009266071460598574,0.0989837573658195,-0.15640891061181061,0.11554833256484004,3,2,0,0,-0.15640891061181061
cap25,25,mh_nocons_vs_mae,mh_nocons - mae,mh_nocons,mae,class_5_iou,True,5,-0.005129486945605946,0.006007073132969443,0.06456494189070104,-0.10254037451223848,0.07494462704844407,3,2,0,0,-0.10254037451223848
cap25,25,mh_nocons_vs_mae,mh_nocons - mae,mh_nocons,mae,class_5_boundary_recall_t2,True,5,0.051891891891891896,0.032432432432432434,0.06050674732521393,-0.016216216216216217,0.14054054054054055,4,1,0,2,-0.016216216216216217
cap25,25,mh_nocons_vs_mae,mh_nocons - mae,mh_nocons,mae,class_5_boundary_recall_t4,True,5,0.07567567567567568,0.10810810810810811,0.0786110247148594,-0.005405405405405406,0.17297297297297298,3,2,0,2,-0.005405405405405406
cap25,25,mh_cons010_vs_mae,mh_cons010 - mae,mh_cons010,mae,macro_f1,True,5,0.05250329879153899,0.05854222212142357,0.017436343623098607,0.02668900032378352,0.06885541025130837,5,0,0,0,0.02668900032378352
cap25,25,mh_cons010_vs_mae,mh_cons010 - mae,mh_cons010,mae,mean_iou,True,5,0.06718267041909157,0.06492212830699068,0.019132288759944893,0.04052952788144015,0.08725741675854304,5,0,0,0,0.04052952788144015
cap25,25,mh_cons010_vs_mae,mh_cons010 - mae,mh_cons010,mae,balanced_accuracy,True,5,0.024904320737375318,0.006254759766286755,0.03975973636069126,-0.009372150334448937,0.0914097262505369,4,1,0,1,-0.009372150334448937
cap25,25,mh_cons010_vs_mae,mh_cons010 - mae,mh_cons010,mae,accuracy,True,5,0.0798445556179489,0.08939753603212697,0.02832524091359747,0.03107611414569411,0.1040486157197067,5,0,0,0,0.03107611414569411
cap25,25,mh_cons010_vs_mae,mh_cons010 - mae,mh_cons010,mae,weighted_f1,True,5,0.07916095528988887,0.085309806985844,0.02404549523192153,0.04529007193939205,0.11048750778929528,5,0,0,0,0.04529007193939205
cap25,25,mh_cons010_vs_mae,mh_cons010 - mae,mh_cons010,mae,boundary_region_macro_f1_r2,True,5,0.012829638766413898,0.023737520548521684,0.02077535908019469,-0.014527756512417445,0.03224816457970214,3,2,0,4,-0.014527756512417445
cap25,25,mh_cons010_vs_mae,mh_cons010 - mae,mh_cons010,mae,boundary_region_macro_f1_r4,True,5,0.017065145195646038,0.01977395998178494,0.019059657141422225,-0.009002407245443045,0.03604288283522622,4,1,0,4,-0.009002407245443045
cap25,25,mh_cons010_vs_mae,mh_cons010 - mae,mh_cons010,mae,boundary_region_mean_iou_r2,True,5,0.012492832113589408,0.02128085417600195,0.01662227262881199,-0.007737881163982108,0.028578047314560706,3,2,0,1,-0.007737881163982108
cap25,25,mh_cons010_vs_mae,mh_cons010 - mae,mh_cons010,mae,boundary_region_mean_iou_r4,True,5,0.01825458911605652,0.023297032304476106,0.01563691006808431,0.0013255721104680762,0.033725286734436644,5,0,0,1,0.0013255721104680762
cap25,25,mh_cons010_vs_mae,mh_cons010 - mae,mh_cons010,mae,boundary_f1_t2,True,5,0.032985038487488,0.028652064848962433,0.024955227551702465,-0.0028253639812650944,0.061975249759464945,4,1,0,1,-0.0028253639812650944
cap25,25,mh_cons010_vs_mae,mh_cons010 - mae,mh_cons010,mae,boundary_f1_t4,True,5,0.05317058532394524,0.04491181583020243,0.03320946587082532,0.01591771687822441,0.09742225563587548,5,0,0,1,0.01591771687822441
cap25,25,mh_cons010_vs_mae,mh_cons010 - mae,mh_cons010,mae,vertical_boundary_position_mae,False,5,0.030672894581990563,0.032255330236999,0.05914493009756135,-0.04605602280020893,0.10894150679882464,2,3,0,1,0.10894150679882464
cap25,25,mh_cons010_vs_mae,mh_cons010 - mae,mh_cons010,mae,class_3_f1,True,5,0.01772102546540586,0.0296618691729591,0.030735524748804255,-0.020420035463675212,0.05079944856261309,3,2,0,4,-0.020420035463675212
cap25,25,mh_cons010_vs_mae,mh_cons010 - mae,mh_cons010,mae,class_3_iou,True,5,0.013885457886114411,0.022985554751925652,0.023706650495412006,-0.014909033537632593,0.03865125032090111,3,2,0,4,-0.014909033537632593
cap25,25,mh_cons010_vs_mae,mh_cons010 - mae,mh_cons010,mae,class_3_boundary_recall_t2,True,5,-0.017737998372660702,0.035801464605370203,0.08255569819404648,-0.1163547599674532,0.047599674532139924,3,2,0,4,-0.1163547599674532
cap25,25,mh_cons010_vs_mae,mh_cons010 - mae,mh_cons010,mae,class_3_boundary_recall_t4,True,5,-0.01529698942229456,0.04190398698128561,0.12580955025674656,-0.1692432872253865,0.09479251423921886,3,2,0,4,-0.1692432872253865
cap25,25,mh_cons010_vs_mae,mh_cons010 - mae,mh_cons010,mae,class_5_f1,True,5,0.003249822673133518,-0.018086716313400336,0.09964804389136099,-0.13762475248586128,0.111906824998739,2,3,0,0,-0.13762475248586128
cap25,25,mh_cons010_vs_mae,mh_cons010 - mae,mh_cons010,mae,class_5_iou,True,5,0.0023718867502151436,-0.0114655198682619,0.06572955555180615,-0.09116314288005219,0.07242752710109915,2,3,0,0,-0.09116314288005219
cap25,25,mh_cons010_vs_mae,mh_cons010 - mae,mh_cons010,mae,class_5_boundary_recall_t2,True,5,0.10810810810810811,0.07567567567567568,0.1229655477413765,0.0,0.3027027027027027,4,0,1,0,0.0
cap25,25,mh_cons010_vs_mae,mh_cons010 - mae,mh_cons010,mae,class_5_boundary_recall_t4,True,5,0.10378378378378379,0.08108108108108109,0.11992205893470166,0.005405405405405406,0.3027027027027027,5,0,0,0,0.005405405405405406
cap25,25,m1_current_k6_vs_mae,m1_current_k6 - mae,m1_current_k6,mae,macro_f1,True,5,0.01902104162014373,0.023116004440524307,0.031059299844689064,-0.02791618773206539,0.05515435478069608,4,1,0,0,-0.02791618773206539
cap25,25,m1_current_k6_vs_mae,m1_current_k6 - mae,m1_current_k6,mae,mean_iou,True,5,0.034644214135423214,0.031249071120785732,0.037626735550708404,-0.006498147022784784,0.08765028887425891,4,1,0,0,-0.006498147022784784
cap25,25,m1_current_k6_vs_mae,m1_current_k6 - mae,m1_current_k6,mae,balanced_accuracy,True,5,0.004281049797259562,0.006449408003004198,0.04674211825862886,-0.06278900090091233,0.060592184857505504,3,2,0,1,-0.06278900090091233
cap25,25,m1_current_k6_vs_mae,m1_current_k6 - mae,m1_current_k6,mae,accuracy,True,5,0.035060493133901714,0.04374691578607037,0.06255189608899556,-0.044274422720234075,0.1255423962427894,4,1,0,0,-0.044274422720234075
cap25,25,m1_current_k6_vs_mae,m1_current_k6 - mae,m1_current_k6,mae,weighted_f1,True,5,0.042836917069093004,0.0379983270397124,0.05575664463130881,-0.01069183084033154,0.13108361670623914,4,1,0,0,-0.01069183084033154
cap25,25,m1_current_k6_vs_mae,m1_current_k6 - mae,m1_current_k6,mae,boundary_region_macro_f1_r2,True,5,-0.002516803332906892,0.004428987005273721,0.021467605845083955,-0.027964839503894223,0.023837465572976613,3,2,0,0,-0.027964839503894223
cap25,25,m1_current_k6_vs_mae,m1_current_k6 - mae,m1_current_k6,mae,boundary_region_macro_f1_r4,True,5,0.0009098098334129445,0.0061794520730439895,0.021071106237915818,-0.024308707566451038,0.027315617920735613,3,2,0,0,-0.024308707566451038
cap25,25,m1_current_k6_vs_mae,m1_current_k6 - mae,m1_current_k6,mae,boundary_region_mean_iou_r2,True,5,-0.0007639944864483939,0.004958621961174636,0.01585939071775337,-0.01822483696326488,0.01909271945056501,3,2,0,1,-0.01822483696326488
cap25,25,m1_current_k6_vs_mae,m1_current_k6 - mae,m1_current_k6,mae,boundary_region_mean_iou_r4,True,5,0.0029990524478590965,0.008536780003246647,0.01506244439756433,-0.012563101555338185,0.021824154042122013,3,2,0,0,-0.012563101555338185
cap25,25,m1_current_k6_vs_mae,m1_current_k6 - mae,m1_current_k6,mae,boundary_f1_t2,True,5,-0.002488480044884972,-0.0074073183728579906,0.011622812792618955,-0.012449982889635058,0.017134070071911867,1,4,0,2,-0.012449982889635058
cap25,25,m1_current_k6_vs_mae,m1_current_k6 - mae,m1_current_k6,mae,boundary_f1_t4,True,5,0.007604071114375122,-0.00876050361248143,0.029484072882885713,-0.017433323163111802,0.0422616354781532,2,3,0,0,-0.017433323163111802
cap25,25,m1_current_k6_vs_mae,m1_current_k6 - mae,m1_current_k6,mae,vertical_boundary_position_mae,False,5,0.06638294685201247,0.012973242382584349,0.11856157676346975,-0.05049962492628013,0.23839482873565188,2,3,0,1,0.23839482873565188
cap25,25,m1_current_k6_vs_mae,m1_current_k6 - mae,m1_current_k6,mae,class_3_f1,True,5,-0.015478347758526745,-0.022323138658254194,0.03642348964903903,-0.06066998959241371,0.039835472985523424,1,4,0,2,-0.06066998959241371
cap25,25,m1_current_k6_vs_mae,m1_current_k6 - mae,m1_current_k6,mae,class_3_iou,True,5,-0.011454939575292217,-0.01627991880158039,0.027867918922342864,-0.04613999326941892,0.031067844253438948,1,4,0,2,-0.04613999326941892
cap25,25,m1_current_k6_vs_mae,m1_current_k6 - mae,m1_current_k6,mae,class_3_boundary_recall_t2,True,5,-0.052807160292921075,-0.0211554109031733,0.09800388321926454,-0.19650122050447522,0.05085435313262815,2,3,0,3,-0.19650122050447522
cap25,25,m1_current_k6_vs_mae,m1_current_k6 - mae,m1_current_k6,mae,class_3_boundary_recall_t4,True,5,-0.05378356387306751,-0.025630593978844596,0.10358816779496642,-0.2119609438567941,0.06712774613506922,1,4,0,3,-0.2119609438567941
cap25,25,m1_current_k6_vs_mae,m1_current_k6 - mae,m1_current_k6,mae,class_5_f1,True,5,-0.06684842118596374,-0.037580580278367165,0.13081608805776662,-0.21851151189632312,0.10180288649522595,1,4,0,0,-0.21851151189632312
cap25,25,m1_current_k6_vs_mae,m1_current_k6 - mae,m1_current_k6,mae,class_5_iou,True,5,-0.04033866663546683,-0.023728454784015515,0.08141024194422235,-0.13854389728272534,0.06549947932706648,1,4,0,0,-0.13854389728272534
cap25,25,m1_current_k6_vs_mae,m1_current_k6 - mae,m1_current_k6,mae,class_5_boundary_recall_t2,True,5,-0.016216216216216217,-0.005405405405405406,0.051987524491003634,-0.07567567567567568,0.03783783783783784,2,3,0,1,-0.07567567567567568
cap25,25,m1_current_k6_vs_mae,m1_current_k6 - mae,m1_current_k6,mae,class_5_boundary_recall_t4,True,5,-0.005405405405405406,0.010810810810810811,0.09036893782324588,-0.15675675675675677,0.07567567567567568,3,2,0,1,-0.15675675675675677
cap25,25,mh_nocons_vs_m1,mh_nocons - m1,mh_nocons,m1,macro_f1,True,5,0.019139477398391634,0.01619330743420322,0.011931876951745952,0.004931502456639314,0.03652494597442735,5,0,0,3,0.004931502456639314
cap25,25,mh_nocons_vs_m1,mh_nocons - m1,mh_nocons,m1,mean_iou,True,5,0.01609011955875176,0.018551386339435705,0.010976943007855658,-0.001269255164911498,0.02704879392105425,4,1,0,3,-0.001269255164911498
cap25,25,mh_nocons_vs_m1,mh_nocons - m1,mh_nocons,m1,balanced_accuracy,True,5,0.019479313403940757,0.024146856676906525,0.010059834658958274,0.007033972331323746,0.028074757256271288,5,0,0,2,0.007033972331323746
cap25,25,mh_nocons_vs_m1,mh_nocons - m1,mh_nocons,m1,accuracy,True,5,0.02280999540558477,0.0232422107645448,0.024763369960501557,-0.008516684533837027,0.05896591624551195,4,1,0,3,-0.008516684533837027
cap25,25,mh_nocons_vs_m1,mh_nocons - m1,mh_nocons,m1,weighted_f1,True,5,0.019150578432476008,0.02380059654464417,0.019219670853762468,-0.004442794105491643,0.045782545853368495,4,1,0,3,-0.004442794105491643
cap25,25,mh_nocons_vs_m1,mh_nocons - m1,mh_nocons,m1,boundary_region_macro_f1_r2,True,5,-0.00562526470648349,-0.004940380717234294,0.012952173324437953,-0.024010335455009135,0.011695316049624316,1,4,0,4,-0.024010335455009135
cap25,25,mh_nocons_vs_m1,mh_nocons - m1,mh_nocons,m1,boundary_region_macro_f1_r4,True,5,-0.0007065430183811116,0.000830969150116434,0.013691331334400455,-0.020493833475130674,0.015568064949599947,3,2,0,4,-0.020493833475130674
cap25,25,mh_nocons_vs_m1,mh_nocons - m1,mh_nocons,m1,boundary_region_mean_iou_r2,True,5,-0.004768925905469301,-0.0030181077209984752,0.013059864506958474,-0.02383198077519505,0.012499877236418488,1,4,0,4,-0.02383198077519505
cap25,25,mh_nocons_vs_m1,mh_nocons - m1,mh_nocons,m1,boundary_region_mean_iou_r4,True,5,-0.001373580466695934,0.002378170578236527,0.015347286384818085,-0.024222884450965043,0.017792989124170877,3,2,0,4,-0.024222884450965043
cap25,25,mh_nocons_vs_m1,mh_nocons - m1,mh_nocons,m1,boundary_f1_t2,True,5,0.0009324792440324858,-0.00039039638713658786,0.007611305856552892,-0.009762678100111943,0.009949536854585134,2,3,0,4,-0.009762678100111943
cap25,25,mh_nocons_vs_m1,mh_nocons - m1,mh_nocons,m1,boundary_f1_t4,True,5,0.006877797816014597,0.0036309481334884097,0.012571637837983018,-0.004463107521756382,0.02614591048912379,3,2,0,2,-0.004463107521756382
cap25,25,mh_nocons_vs_m1,mh_nocons - m1,mh_nocons,m1,vertical_boundary_position_mae,False,5,0.02136834285256395,0.03547229868879587,0.06413094497376058,-0.051984059046205955,0.10450342596602047,2,3,0,0,0.10450342596602047
cap25,25,mh_nocons_vs_m1,mh_nocons - m1,mh_nocons,m1,class_3_f1,True,5,0.02577807096506951,0.01835475342163201,0.05668430949507322,-0.03182248191443576,0.08722274723926038,3,2,0,2,-0.03182248191443576
cap25,25,mh_nocons_vs_m1,mh_nocons - m1,mh_nocons,m1,class_3_iou,True,5,0.021070646665387105,0.014400776549446243,0.04551436363458497,-0.026210916189682576,0.07558903606230938,3,2,0,2,-0.026210916189682576
cap25,25,mh_nocons_vs_m1,mh_nocons - m1,mh_nocons,m1,class_3_boundary_recall_t2,True,5,-0.002196908055329544,0.024003254678600483,0.047412056439800364,-0.08096013018714404,0.033767290480065076,3,2,0,2,-0.08096013018714404
cap25,25,mh_nocons_vs_m1,mh_nocons - m1,mh_nocons,m1,class_3_boundary_recall_t4,True,5,-0.0027664768104149863,0.009357200976403579,0.0698864789199836,-0.11391375101708712,0.06021155410903173,3,2,0,2,-0.11391375101708712
cap25,25,mh_nocons_vs_m1,mh_nocons - m1,mh_nocons,m1,class_5_f1,True,5,0.03150860045813188,0.04655239184364934,0.021670195445735237,0.005484549539349071,0.04793662094114862,5,0,0,0,0.005484549539349071
cap25,25,mh_nocons_vs_m1,mh_nocons - m1,mh_nocons,m1,class_5_iou,True,5,0.0200388672687753,0.02886565974814187,0.013856640525513903,0.003277890340879039,0.031387211063074516,5,0,0,0,0.003277890340879039
cap25,25,mh_nocons_vs_m1,mh_nocons - m1,mh_nocons,m1,class_5_boundary_recall_t2,True,5,0.0032432432432432435,-0.010810810810810811,0.05715433465031915,-0.07027027027027027,0.08648648648648649,2,3,0,1,-0.07027027027027027
cap25,25,mh_nocons_vs_m1,mh_nocons - m1,mh_nocons,m1,class_5_boundary_recall_t4,True,5,-0.005405405405405394,-0.032432432432432434,0.09085262872417087,-0.08108108108108103,0.15135135135135136,1,4,0,1,-0.08108108108108103
cap25,25,mh_cons010_vs_m1,mh_cons010 - m1,mh_cons010,m1,macro_f1,True,5,0.028138450548160488,0.020703587379809818,0.013925303112767877,0.015480197147960117,0.04769911147214878,5,0,0,2,0.015480197147960117
cap25,25,mh_cons010_vs_m1,mh_cons010 - m1,mh_cons010,m1,mean_iou,True,5,0.027252462320023964,0.02672966936272142,0.013350398260558937,0.011423621733937017,0.044683410886969754,5,0,0,2,0.011423621733937017
cap25,25,mh_cons010_vs_m1,mh_cons010 - m1,mh_cons010,m1,balanced_accuracy,True,5,0.012032973892013011,0.01359662562910624,0.00720987086155532,-0.00035487085887131453,0.01812090487452922,4,1,0,2,-0.00035487085887131453
cap25,25,mh_cons010_vs_m1,mh_cons010 - m1,mh_cons010,m1,accuracy,True,5,0.03796220668062009,0.04682049449520986,0.02774202391160395,0.006064202698793486,0.07273001854782446,5,0,0,2,0.006064202698793486
cap25,25,mh_cons010_vs_m1,mh_cons010 - m1,mh_cons010,m1,weighted_f1,True,5,0.03126321824847802,0.040992697926591326,0.023468341025446645,0.0020819613700732154,0.059417453162344924,5,0,0,2,0.0020819613700732154
cap25,25,mh_cons010_vs_m1,mh_cons010 - m1,mh_cons010,m1,boundary_region_macro_f1_r2,True,5,0.005790940270741085,0.0015105648184394194,0.0118507229860076,-0.006933425287208583,0.02365309076667743,3,2,0,4,-0.006933425287208583
cap25,25,mh_cons010_vs_m1,mh_cons010 - m1,mh_cons010,m1,boundary_region_macro_f1_r4,True,5,0.009748886660964429,0.004351139850843788,0.01738541087176289,-0.008290145379346858,0.03574912382722706,3,2,0,4,-0.008290145379346858
cap25,25,mh_cons010_vs_m1,mh_cons010 - m1,mh_cons010,m1,boundary_region_mean_iou_r2,True,5,0.005301018583139233,0.0006819617029710789,0.007566226643410419,-0.00018772719225618184,0.016922605829435472,3,2,0,4,-0.00018772719225618184
cap25,25,mh_cons010_vs_m1,mh_cons010 - m1,mh_cons010,m1,boundary_region_mean_iou_r4,True,5,0.009783175317095716,0.006085825763985642,0.012764477293551311,-0.0015915154552530453,0.028609238955129346,3,2,0,0,-0.0015915154552530453
cap25,25,mh_cons010_vs_m1,mh_cons010 - m1,mh_cons010,m1,boundary_f1_t2,True,5,0.019177484531130128,0.02393444746520329,0.021414503409310476,-0.01654196173065986,0.03729419397567252,4,1,0,2,-0.01654196173065986
cap25,25,mh_cons010_vs_m1,mh_cons010 - m1,mh_cons010,m1,boundary_f1_t4,True,5,0.029682913709682957,0.03897005286578181,0.026424682969769638,-0.015451125901723428,0.05123054545850403,4,1,0,2,-0.015451125901723428
cap25,25,mh_cons010_vs_m1,mh_cons010 - m1,mh_cons010,m1,vertical_boundary_position_mae,False,5,-0.005225412926555073,0.011158459175033553,0.05426770201031646,-0.09610081287432481,0.03578419857489612,2,3,0,0,0.03578419857489612
cap25,25,mh_cons010_vs_m1,mh_cons010 - m1,mh_cons010,m1,class_3_f1,True,5,0.02579926497501356,0.021876252820964837,0.03235840216696654,-0.011845849911275796,0.0769135636593768,4,1,0,2,-0.011845849911275796
cap25,25,mh_cons010_vs_m1,mh_cons010 - m1,mh_cons010,m1,class_3_iou,True,5,0.019524345928769747,0.015571835963083203,0.024586779266005714,-0.009882359626059156,0.057606977892471406,4,1,0,2,-0.009882359626059156
cap25,25,mh_cons010_vs_m1,mh_cons010 - m1,mh_cons010,m1,class_3_boundary_recall_t2,True,5,-0.0016273393002441071,0.016273393002441017,0.038870294529554435,-0.04759967453213995,0.042310821806346655,3,2,0,4,-0.04759967453213995
cap25,25,mh_cons010_vs_m1,mh_cons010 - m1,mh_cons010,m1,class_3_boundary_recall_t4,True,5,0.0010577705451586205,0.03905614320585843,0.06796309394317726,-0.10170870626525635,0.05817737998372652,3,2,0,4,-0.10170870626525635
cap25,25,mh_cons010_vs_m1,mh_cons010 - m1,mh_cons010,m1,class_5_f1,True,5,0.0424719224602932,0.0429108842775483,0.034152225444500944,-0.0026615563363649175,0.0865472497565313,4,1,0,4,-0.0026615563363649175
cap25,25,mh_cons010_vs_m1,mh_cons010 - m1,mh_cons010,m1,class_5_iou,True,5,0.027540240964596386,0.028870111115729596,0.022798787082892014,-0.0016417990156290668,0.058632436935013216,4,1,0,4,-0.0016417990156290668
cap25,25,mh_cons010_vs_m1,mh_cons010 - m1,mh_cons010,m1,class_5_boundary_recall_t2,True,5,0.05945945945945946,0.08108108108108109,0.06127450837164668,-0.043243243243243246,0.11351351351351352,4,1,0,4,-0.043243243243243246
cap25,25,mh_cons010_vs_m1,mh_cons010 - m1,mh_cons010,m1,class_5_boundary_recall_t4,True,5,0.022702702702702714,0.04864864864864871,0.07366042553992719,-0.10810810810810811,0.07027027027027027,4,1,0,4,-0.10810810810810811
cap25,25,m1_vs_mae,m1 - mae,m1,mae,macro_f1,True,5,0.0243648482433785,0.02427335498983707,0.023574725491278856,-0.011133387093027136,0.04815182287149855,4,1,0,0,-0.011133387093027136
cap25,25,m1_vs_mae,m1 - mae,m1,mae,mean_iou,True,5,0.03993020809906761,0.039300549619242175,0.02323618475481071,0.004937348104125994,0.06942398691936558,5,0,0,0,0.004937348104125994
cap25,25,m1_vs_mae,m1 - mae,m1,mae,balanced_accuracy,True,5,0.012871346845362308,0.006609630625158069,0.03720534317948721,-0.025141877610023067,0.07328882137600767,3,2,0,1,-0.025141877610023067
cap25,25,m1_vs_mae,m1 - mae,m1,mae,accuracy,True,5,0.041882348937328805,0.04506568312147974,0.03972029522152763,-0.019796399339765514,0.07675013187673363,4,1,0,0,-0.019796399339765514
cap25,25,m1_vs_mae,m1 - mae,m1,mae,weighted_f1,True,5,0.04789773704141085,0.051070054626950356,0.02719513812975428,0.0037781464960798816,0.07299775364577554,5,0,0,0,0.0037781464960798816
cap25,25,m1_vs_mae,m1 - mae,m1,mae,boundary_region_macro_f1_r2,True,5,0.007038698495672813,0.015863103461617123,0.024391730554788875,-0.027760572118652294,0.03245833663052583,3,2,0,1,-0.027760572118652294
cap25,25,m1_vs_mae,m1 - mae,m1,mae,boundary_region_macro_f1_r4,True,5,0.007316258534681608,0.015509512308510998,0.024184510303621135,-0.030573181161514862,0.03169174298438243,3,2,0,1,-0.030573181161514862
cap25,25,m1_vs_mae,m1 - mae,m1,mae,boundary_region_mean_iou_r2,True,5,0.007191813530450175,0.012191287105872528,0.02143886124388443,-0.02466048699341758,0.028579361809144332,3,2,0,1,-0.02466048699341758
cap25,25,m1_vs_mae,m1 - mae,m1,mae,boundary_region_mean_iou_r4,True,5,0.008471413798960803,0.014473137703864047,0.022278874395231327,-0.02728366684466127,0.027639460970451002,4,1,0,1,-0.02728366684466127
cap25,25,m1_vs_mae,m1 - mae,m1,mae,boundary_f1_t2,True,5,0.013807553956357872,0.01703725660282221,0.025698428333798005,-0.026759811446468384,0.043118903862731844,4,1,0,1,-0.026759811446468384
cap25,25,m1_vs_mae,m1 - mae,m1,mae,boundary_f1_t4,True,5,0.023487671614262285,0.02489139155967285,0.034971264578345124,-0.023052335987557404,0.06036294173192586,4,1,0,1,-0.023052335987557404
cap25,25,m1_vs_mae,m1 - mae,m1,mae,vertical_boundary_position_mae,False,5,0.035898307508545634,0.04935249954488041,0.07883100346917632,-0.08184022137510505,0.12835614311132382,1,4,0,3,0.12835614311132382
cap25,25,m1_vs_mae,m1 - mae,m1,mae,class_3_f1,True,5,-0.008078239509607699,-0.0261141150967637,0.039246547199384335,-0.04229628828464005,0.04918778887922398,2,3,0,4,-0.04229628828464005
cap25,25,m1_vs_mae,m1 - mae,m1,mae,class_3_iou,True,5,-0.0056388880426553375,-0.018955727571570297,0.030940835889722483,-0.030826094488318245,0.040072004433161945,2,3,0,3,-0.030826094488318245
cap25,25,m1_vs_mae,m1 - mae,m1,mae,class_3_boundary_recall_t2,True,5,-0.016110659072416593,0.0012205044751830707,0.07796891507480389,-0.11554109031733117,0.0850284784377543,3,2,0,3,-0.11554109031733117
cap25,25,m1_vs_mae,m1 - mae,m1,mae,class_3_boundary_recall_t4,True,5,-0.01635475996745318,0.0028478437754271835,0.11416244792222667,-0.17656631407648493,0.1297803091944671,3,2,0,3,-0.17656631407648493
cap25,25,m1_vs_mae,m1 - mae,m1,mae,class_5_f1,True,5,-0.03922209978715968,-0.022888858926814165,0.08675281840193556,-0.16189346015115968,0.0689959407211907,1,4,0,0,-0.16189346015115968
cap25,25,m1_vs_mae,m1 - mae,m1,mae,class_5_iou,True,5,-0.025168354214381246,-0.01432222618065504,0.05590153082366325,-0.10581826485311752,0.04355741598536955,1,4,0,0,-0.10581826485311752
cap25,25,m1_vs_mae,m1 - mae,m1,mae,class_5_boundary_recall_t2,True,5,0.04864864864864865,0.032432432432432434,0.10018244861000346,-0.05405405405405406,0.21081081081081082,3,2,0,0,-0.05405405405405406
cap25,25,m1_vs_mae,m1 - mae,m1,mae,class_5_boundary_recall_t4,True,5,0.08108108108108107,0.043243243243243246,0.11357784534838211,-0.043243243243243246,0.254054054054054,4,1,0,0,-0.043243243243243246
cap50,50,mh_nocons_vs_m1_current_k6,mh_nocons - m1_current_k6,mh_nocons,m1_current_k6,macro_f1,True,5,0.020530553647462167,0.013030585453567611,0.02336616732154032,-0.0025270930434699856,0.05969019873082715,4,1,0,2,-0.0025270930434699856
cap50,50,mh_nocons_vs_m1_current_k6,mh_nocons - m1_current_k6,mh_nocons,m1_current_k6,mean_iou,True,5,0.02429337656853352,0.013949832341418889,0.02640688551752433,0.0032231110852954936,0.06967627696143974,5,0,0,2,0.0032231110852954936
cap50,50,mh_nocons_vs_m1_current_k6,mh_nocons - m1_current_k6,mh_nocons,m1_current_k6,balanced_accuracy,True,5,0.0060889314287416955,0.013796419230422963,0.043265620323353786,-0.04635774476054144,0.049861066005917,3,2,0,2,-0.04635774476054144
cap50,50,mh_nocons_vs_m1_current_k6,mh_nocons - m1_current_k6,mh_nocons,m1_current_k6,accuracy,True,5,0.025421580138513124,0.018915803086766325,0.02143718545241716,0.009133527319754364,0.06240960062620182,5,0,0,1,0.009133527319754364
cap50,50,mh_nocons_vs_m1_current_k6,mh_nocons - m1_current_k6,mh_nocons,m1_current_k6,weighted_f1,True,5,0.022046410862977272,0.011322282402537076,0.020589675394541693,0.008702886901349682,0.05716653388413784,5,0,0,1,0.008702886901349682
cap50,50,mh_nocons_vs_m1_current_k6,mh_nocons - m1_current_k6,mh_nocons,m1_current_k6,boundary_region_macro_f1_r2,True,5,0.02044433803978838,0.03338170225249726,0.03238524636733542,-0.019321435384182684,0.053675221634533365,3,2,0,2,-0.019321435384182684
cap50,50,mh_nocons_vs_m1_current_k6,mh_nocons - m1_current_k6,mh_nocons,m1_current_k6,boundary_region_macro_f1_r4,True,5,0.020859859249025448,0.030879871148304816,0.025574416301847237,-0.009565297168865894,0.04600276320982011,3,2,0,4,-0.009565297168865894
cap50,50,mh_nocons_vs_m1_current_k6,mh_nocons - m1_current_k6,mh_nocons,m1_current_k6,boundary_region_mean_iou_r2,True,5,0.01947069959868313,0.029391759567859332,0.028059278667168158,-0.015584322790556882,0.04867458976213779,3,2,0,2,-0.015584322790556882
cap50,50,mh_nocons_vs_m1_current_k6,mh_nocons - m1_current_k6,mh_nocons,m1_current_k6,boundary_region_mean_iou_r4,True,5,0.021815937872971803,0.030522562828197153,0.024604727552713892,-0.007769087651618878,0.04565491787213938,3,2,0,4,-0.007769087651618878
cap50,50,mh_nocons_vs_m1_current_k6,mh_nocons - m1_current_k6,mh_nocons,m1_current_k6,boundary_f1_t2,True,5,0.024577381133906107,0.01941168220980355,0.023920481548045863,0.004232091748883227,0.06356387746562875,5,0,0,2,0.004232091748883227
cap50,50,mh_nocons_vs_m1_current_k6,mh_nocons - m1_current_k6,mh_nocons,m1_current_k6,boundary_f1_t4,True,5,0.04413285588126146,0.027060518784145615,0.02859179336518198,0.023529786037034484,0.09058286997599413,5,0,0,4,0.023529786037034484
cap50,50,mh_nocons_vs_m1_current_k6,mh_nocons - m1_current_k6,mh_nocons,m1_current_k6,vertical_boundary_position_mae,False,5,0.05308921481926761,0.0125746435718872,0.1351046853129657,-0.05694689644517448,0.2808980957405369,2,3,0,2,0.2808980957405369
cap50,50,mh_nocons_vs_m1_current_k6,mh_nocons - m1_current_k6,mh_nocons,m1_current_k6,class_3_f1,True,5,0.025337034144839586,0.03274458830102467,0.024437522724923572,-0.011427274232759688,0.04956731076177978,4,1,0,4,-0.011427274232759688
cap50,50,mh_nocons_vs_m1_current_k6,mh_nocons - m1_current_k6,mh_nocons,m1_current_k6,class_3_iou,True,5,0.022693400262082396,0.03127430809083748,0.022049077286253566,-0.010884773611196774,0.04349268891005725,4,1,0,4,-0.010884773611196774
cap50,50,mh_nocons_vs_m1_current_k6,mh_nocons - m1_current_k6,mh_nocons,m1_current_k6,class_3_boundary_recall_t2,True,5,-0.030838079739625712,-0.01464605370219696,0.10227563719489868,-0.1908055329536208,0.06956875508543531,2,3,0,2,-0.1908055329536208
cap50,50,mh_nocons_vs_m1_current_k6,mh_nocons - m1_current_k6,mh_nocons,m1_current_k6,class_3_boundary_recall_t4,True,5,-0.01838893409275836,-0.004475183075671296,0.08796828280511618,-0.1415785191212368,0.09194467046379162,2,3,0,2,-0.1415785191212368
cap50,50,mh_nocons_vs_m1_current_k6,mh_nocons - m1_current_k6,mh_nocons,m1_current_k6,class_5_f1,True,5,0.021505107578928817,0.03441317574603292,0.04886596236711168,-0.05230456565278818,0.07928528094606946,4,1,0,2,-0.05230456565278818
cap50,50,mh_nocons_vs_m1_current_k6,mh_nocons - m1_current_k6,mh_nocons,m1_current_k6,class_5_iou,True,5,0.01692583423046078,0.022962469310136763,0.03621465899667458,-0.0356053023746796,0.06296285361073539,4,1,0,2,-0.0356053023746796
cap50,50,mh_nocons_vs_m1_current_k6,mh_nocons - m1_current_k6,mh_nocons,m1_current_k6,class_5_boundary_recall_t2,True,5,0.009729729729729731,0.032432432432432434,0.09977330037753078,-0.14594594594594595,0.11891891891891893,3,2,0,4,-0.14594594594594595
cap50,50,mh_nocons_vs_m1_current_k6,mh_nocons - m1_current_k6,mh_nocons,m1_current_k6,class_5_boundary_recall_t4,True,5,-0.005405405405405394,0.03783783783783784,0.16826359368944194,-0.28108108108108104,0.17297297297297298,3,2,0,4,-0.28108108108108104
cap50,50,mh_cons010_vs_mh_nocons,mh_cons010 - mh_nocons,mh_cons010,mh_nocons,macro_f1,True,5,0.001890467379713634,-0.002231680471653341,0.014065306369438221,-0.015978218164191205,0.01766045058636878,2,3,0,0,-0.015978218164191205
cap50,50,mh_cons010_vs_mh_nocons,mh_cons010 - mh_nocons,mh_cons010,mh_nocons,mean_iou,True,5,0.0016980490504808765,-0.0005357290198994002,0.01723060637959634,-0.018156875613564827,0.02598614297180224,2,3,0,0,-0.018156875613564827
cap50,50,mh_cons010_vs_mh_nocons,mh_cons010 - mh_nocons,mh_cons010,mh_nocons,balanced_accuracy,True,5,0.02588169699015148,0.029308824351320317,0.023859851619932326,-0.0089231346493156,0.056795607264203296,4,1,0,4,-0.0089231346493156
cap50,50,mh_cons010_vs_mh_nocons,mh_cons010 - mh_nocons,mh_cons010,mh_nocons,accuracy,True,5,-0.0016297411812752128,-0.006621488250208474,0.016408836434461324,-0.015033947623666388,0.026292391988701147,1,4,0,0,-0.015033947623666388
cap50,50,mh_cons010_vs_mh_nocons,mh_cons010 - mh_nocons,mh_cons010,mh_nocons,weighted_f1,True,5,0.00024008061829337013,-0.001381493890034169,0.014961342811026365,-0.012701728120876665,0.025446881899930718,1,4,0,0,-0.012701728120876665
cap50,50,mh_cons010_vs_mh_nocons,mh_cons010 - mh_nocons,mh_cons010,mh_nocons,boundary_region_macro_f1_r2,True,5,-0.010694030701630265,-0.015733851006939914,0.013925207823103724,-0.024291648596993565,0.011187415588401972,1,4,0,1,-0.024291648596993565
cap50,50,mh_cons010_vs_mh_nocons,mh_cons010 - mh_nocons,mh_cons010,mh_nocons,boundary_region_macro_f1_r4,True,5,-0.009857883903907304,-0.008040676701526361,0.009519268584021717,-0.02396615250059475,0.0012498592453495938,1,4,0,1,-0.02396615250059475
cap50,50,mh_cons010_vs_mh_nocons,mh_cons010 - mh_nocons,mh_cons010,mh_nocons,boundary_region_mean_iou_r2,True,5,-0.009146848926653805,-0.012420633934077552,0.012743122162722529,-0.022091316643686576,0.01125672181622922,1,4,0,1,-0.022091316643686576
cap50,50,mh_cons010_vs_mh_nocons,mh_cons010 - mh_nocons,mh_cons010,mh_nocons,boundary_region_mean_iou_r4,True,5,-0.01009622473329611,-0.00904773370464601,0.009234385412219891,-0.023734886229609287,0.0018277687310352952,1,4,0,1,-0.023734886229609287
cap50,50,mh_cons010_vs_mh_nocons,mh_cons010 - mh_nocons,mh_cons010,mh_nocons,boundary_f1_t2,True,5,-0.007735808632167535,-0.01581108315656493,0.019649047190006267,-0.026609231643456688,0.024260125995160364,1,4,0,1,-0.026609231643456688
cap50,50,mh_cons010_vs_mh_nocons,mh_cons010 - mh_nocons,mh_cons010,mh_nocons,boundary_f1_t4,True,5,-0.018708002955522596,-0.026325258815176555,0.03857680383896439,-0.05181693958080946,0.04729074912510439,1,4,0,2,-0.05181693958080946
cap50,50,mh_cons010_vs_mh_nocons,mh_cons010 - mh_nocons,mh_cons010,mh_nocons,vertical_boundary_position_mae,False,5,-0.049877456417537804,-0.02248498074075811,0.10772129054579942,-0.21557325432690577,0.07630731249435918,4,1,0,3,0.07630731249435918
cap50,50,mh_cons010_vs_mh_nocons,mh_cons010 - mh_nocons,mh_cons010,mh_nocons,class_3_f1,True,5,-0.001553312423247788,-0.008678755305223995,0.03833000588279756,-0.05368917975624199,0.04418552189485636,2,3,0,1,-0.05368917975624199
cap50,50,mh_cons010_vs_mh_nocons,mh_cons010 - mh_nocons,mh_cons010,mh_nocons,class_3_iou,True,5,-0.0005208254711670413,-0.008427647134258864,0.034679542301888286,-0.04645456773390866,0.041292927612806896,2,3,0,1,-0.04645456773390866
cap50,50,mh_cons010_vs_mh_nocons,mh_cons010 - mh_nocons,mh_cons010,mh_nocons,class_3_boundary_recall_t2,True,5,0.06248982912937349,0.04190398698128561,0.07293448991548238,-0.021969080553295328,0.1631407648494711,4,1,0,3,-0.021969080553295328
cap50,50,mh_cons010_vs_mh_nocons,mh_cons010 - mh_nocons,mh_cons010,mh_nocons,class_3_boundary_recall_t4,True,5,0.06501220504475183,0.050040683482506065,0.06622003845183697,-0.014239218877135862,0.15622457282343366,4,1,0,3,-0.014239218877135862
cap50,50,mh_cons010_vs_mh_nocons,mh_cons010 - mh_nocons,mh_cons010,mh_nocons,class_5_f1,True,5,-0.003880663181636701,0.001306006590515385,0.04285261670864292,-0.0493118975364682,0.055612448883403054,3,2,0,3,-0.0493118975364682
cap50,50,mh_cons010_vs_mh_nocons,mh_cons010 - mh_nocons,mh_cons010,mh_nocons,class_5_iou,True,5,-0.0033772859538792445,0.0008629676561496269,0.03279556009451739,-0.03652793512736505,0.04253788370289513,3,2,0,3,-0.03652793512736505
cap50,50,mh_cons010_vs_mh_nocons,mh_cons010 - mh_nocons,mh_cons010,mh_nocons,class_5_boundary_recall_t2,True,5,-0.025945945945945948,-0.02702702702702703,0.012326220811882574,-0.03783783783783784,-0.010810810810810811,0,5,0,1,-0.03783783783783784
cap50,50,mh_cons010_vs_mh_nocons,mh_cons010 - mh_nocons,mh_cons010,mh_nocons,class_5_boundary_recall_t4,True,5,-0.043243243243243246,-0.07567567567567568,0.07242032976742845,-0.11351351351351352,0.06486486486486487,1,4,0,0,-0.11351351351351352
cap50,50,mh_cons010_vs_m1_current_k6,mh_cons010 - m1_current_k6,mh_cons010,m1_current_k6,macro_f1,True,5,0.022421021027175803,0.030317088174823592,0.02045203053874898,-0.0071959339736418215,0.043711980566635944,4,1,0,2,-0.0071959339736418215
cap50,50,mh_cons010_vs_m1_current_k6,mh_cons010 - m1_current_k6,mh_cons010,m1_current_k6,mean_iou,True,5,0.025991425619014397,0.03417841306861291,0.022499604279515053,-0.006078970292169195,0.051519401347874916,4,1,0,2,-0.006078970292169195
cap50,50,mh_cons010_vs_m1_current_k6,mh_cons010 - m1_current_k6,mh_cons010,m1_current_k6,balanced_accuracy,True,5,0.03197062841889318,0.0409379313566014,0.033801926649563385,-0.011479574202746035,0.07685167885520539,4,1,0,3,-0.011479574202746035
cap50,50,mh_cons010_vs_m1_current_k6,mh_cons010 - m1_current_k6,mh_cons010,m1_current_k6,accuracy,True,5,0.02379183895723791,0.022355233379277473,0.022171583627828038,0.001508074259363279,0.047375653002535434,5,0,0,2,0.001508074259363279
cap50,50,mh_cons010_vs_m1_current_k6,mh_cons010 - m1_current_k6,mh_cons010,m1_current_k6,weighted_f1,True,5,0.022286491481270643,0.022493298395785177,0.018780602324964413,8.197812896959533e-06,0.04446480576326117,5,0,0,2,8.197812896959533e-06
cap50,50,mh_cons010_vs_m1_current_k6,mh_cons010 - m1_current_k6,mh_cons010,m1_current_k6,boundary_region_macro_f1_r2,True,5,0.009750307338158116,0.014690278712438332,0.025618810957468298,-0.02419811424693291,0.037009818983526066,3,2,0,4,-0.02419811424693291
cap50,50,mh_cons010_vs_m1_current_k6,mh_cons010 - m1_current_k6,mh_cons010,m1_current_k6,boundary_region_macro_f1_r4,True,5,0.011001975345118143,0.01736874744104011,0.02083873536477742,-0.017605973870392255,0.03522653181887481,3,2,0,4,-0.017605973870392255
cap50,50,mh_cons010_vs_m1_current_k6,mh_cons010 - m1_current_k6,mh_cons010,m1_current_k6,boundary_region_mean_iou_r2,True,5,0.010323850672029322,0.013345610676676944,0.020857602380921297,-0.016903624163081776,0.03292159470242789,3,2,0,4,-0.016903624163081776
cap50,50,mh_cons010_vs_m1_current_k6,mh_cons010 - m1_current_k6,mh_cons010,m1_current_k6,boundary_region_mean_iou_r4,True,5,0.01171971313967569,0.01835323054468324,0.019884991696185583,-0.01681682135626489,0.03416610913668561,4,1,0,4,-0.01681682135626489
cap50,50,mh_cons010_vs_m1_current_k6,mh_cons010 - m1_current_k6,mh_cons010,m1_current_k6,boundary_f1_t2,True,5,0.016841572501738573,-0.007197549433653139,0.03626088240635673,-0.011578991407681705,0.059878905903395785,2,3,0,2,-0.011578991407681705
cap50,50,mh_cons010_vs_m1_current_k6,mh_cons010 - m1_current_k6,mh_cons010,m1_current_k6,boundary_f1_t4,True,5,0.025424852925738862,0.0013060327970817465,0.04174632906981187,-0.012826898765834038,0.07435126790925001,3,2,0,1,-0.012826898765834038
cap50,50,mh_cons010_vs_m1_current_k6,mh_cons010 - m1_current_k6,mh_cons010,m1_current_k6,vertical_boundary_position_mae,False,5,0.003211758401729803,0.019360416049184703,0.06935223620652864,-0.10944033549223575,0.06532484141363115,2,3,0,2,0.06532484141363115
cap50,50,mh_cons010_vs_m1_current_k6,mh_cons010 - m1_current_k6,mh_cons010,m1_current_k6,class_3_f1,True,5,0.0237837217215918,0.024065832995800673,0.04740659886209123,-0.03960985372709702,0.09375283265663614,4,1,0,1,-0.03960985372709702
cap50,50,mh_cons010_vs_m1_current_k6,mh_cons010 - m1_current_k6,mh_cons010,m1_current_k6,class_3_iou,True,5,0.022172574790915354,0.02235708882518883,0.04220446880905332,-0.033952410290863044,0.08478561652286415,4,1,0,1,-0.033952410290863044
cap50,50,mh_cons010_vs_m1_current_k6,mh_cons010 - m1_current_k6,mh_cons010,m1_current_k6,class_3_boundary_recall_t2,True,5,0.031651749389747776,0.018714401952807214,0.057838120438547,-0.027664768104149695,0.09235150528885272,3,2,0,2,-0.027664768104149695
cap50,50,mh_cons010_vs_m1_current_k6,mh_cons010 - m1_current_k6,mh_cons010,m1_current_k6,class_3_boundary_recall_t4,True,5,0.04662327095199348,0.014646053702196848,0.07141463610650786,-0.018714401952807158,0.12571196094385684,3,2,0,3,-0.018714401952807158
cap50,50,mh_cons010_vs_m1_current_k6,mh_cons010 - m1_current_k6,mh_cons010,m1_current_k6,class_5_f1,True,5,0.017624444397292115,0.038123475405233365,0.04668283384679038,-0.0509985590622728,0.061450055287553484,3,2,0,2,-0.0509985590622728
cap50,50,mh_cons010_vs_m1_current_k6,mh_cons010 - m1_current_k6,mh_cons010,m1_current_k6,class_5_iou,True,5,0.013548548276581534,0.029490753919818757,0.03340195007054867,-0.03474233471852997,0.046836856521192766,3,2,0,2,-0.03474233471852997
cap50,50,mh_cons010_vs_m1_current_k6,mh_cons010 - m1_current_k6,mh_cons010,m1_current_k6,class_5_boundary_recall_t2,True,5,-0.016216216216216217,-0.005405405405405406,0.0987873885540382,-0.16216216216216217,0.10810810810810811,2,3,0,4,-0.16216216216216217
cap50,50,mh_cons010_vs_m1_current_k6,mh_cons010 - m1_current_k6,mh_cons010,m1_current_k6,class_5_boundary_recall_t4,True,5,-0.04864864864864864,-0.032432432432432434,0.10148639651631668,-0.21621621621621617,0.05945945945945946,1,4,0,4,-0.21621621621621617
cap50,50,mh_nocons_vs_mae,mh_nocons - mae,mh_nocons,mae,macro_f1,True,5,0.04313933486445136,0.04023514323124677,0.032093210166656845,0.013632575260558943,0.09260438806580562,5,0,0,4,0.013632575260558943
cap50,50,mh_nocons_vs_mae,mh_nocons - mae,mh_nocons,mae,mean_iou,True,5,0.053750954893666505,0.044737590178690834,0.029422473899961644,0.02666078408533268,0.09945514811313172,5,0,0,2,0.02666078408533268
cap50,50,mh_nocons_vs_mae,mh_nocons - mae,mh_nocons,mae,balanced_accuracy,True,5,0.027722716045039397,0.022027280880111966,0.025738888941207433,0.0031798746164749536,0.0705726567286159,5,0,0,2,0.0031798746164749536
cap50,50,mh_nocons_vs_mae,mh_nocons - mae,mh_nocons,mae,accuracy,True,5,0.052181071009239875,0.053595129919852935,0.02249043228734588,0.01977300185478248,0.08160191944458628,5,0,0,2,0.01977300185478248
cap50,50,mh_nocons_vs_mae,mh_nocons - mae,mh_nocons,mae,weighted_f1,True,5,0.04721022179101453,0.052651547142724686,0.019188571325212473,0.020243935301612836,0.07099180220549062,5,0,0,2,0.020243935301612836
cap50,50,mh_nocons_vs_mae,mh_nocons - mae,mh_nocons,mae,boundary_region_macro_f1_r2,True,5,0.044863549058376875,0.06844661281294878,0.04066977037241556,-0.01479910291140013,0.07747466153434246,4,1,0,4,-0.01479910291140013
cap50,50,mh_nocons_vs_mae,mh_nocons - mae,mh_nocons,mae,boundary_region_macro_f1_r4,True,5,0.048698100906021814,0.07068861985260744,0.039340019110667854,-0.01484755173192942,0.08007289915572013,4,1,0,4,-0.01484755173192942
cap50,50,mh_nocons_vs_mae,mh_nocons - mae,mh_nocons,mae,boundary_region_mean_iou_r2,True,5,0.03967295091545486,0.05800062047162152,0.035136724194699,-0.009421761452924837,0.07027296957060336,4,1,0,4,-0.009421761452924837
cap50,50,mh_nocons_vs_mae,mh_nocons - mae,mh_nocons,mae,boundary_region_mean_iou_r4,True,5,0.04708328592136925,0.06592626201851487,0.036327704543052695,-0.009943138955968767,0.07915978778460653,4,1,0,4,-0.009943138955968767
cap50,50,mh_nocons_vs_mae,mh_nocons - mae,mh_nocons,mae,boundary_f1_t2,True,5,0.05180815028114296,0.053862127578218455,0.020733807449971945,0.02857798453003421,0.07363811728118663,5,0,0,4,0.02857798453003421
cap50,50,mh_nocons_vs_mae,mh_nocons - mae,mh_nocons,mae,boundary_f1_t4,True,5,0.08096876429598059,0.07426657684879678,0.02628780051527634,0.05754380408654153,0.12523173305879998,5,0,0,4,0.05754380408654153
cap50,50,mh_nocons_vs_mae,mh_nocons - mae,mh_nocons,mae,vertical_boundary_position_mae,False,5,0.03726234923006193,0.0752800979332986,0.15880728278903516,-0.20475165436407372,0.22802708126840954,2,3,0,2,0.22802708126840954
cap50,50,mh_nocons_vs_mae,mh_nocons - mae,mh_nocons,mae,class_3_f1,True,5,0.05048310574046544,0.061192167994085056,0.04595663536832454,0.0004574395067332704,0.10354441729446046,5,0,0,4,0.0004574395067332704
cap50,50,mh_nocons_vs_mae,mh_nocons - mae,mh_nocons,mae,class_3_iou,True,5,0.04453756509506947,0.0526910477285657,0.04100635821489691,0.00043216438160026405,0.09433175076557432,5,0,0,4,0.00043216438160026405
cap50,50,mh_nocons_vs_mae,mh_nocons - mae,mh_nocons,mae,class_3_boundary_recall_t2,True,5,-0.061432058584214834,-0.05899104963384866,0.10314887619300624,-0.1956875508543532,0.07038242473555734,1,4,0,2,-0.1956875508543532
cap50,50,mh_nocons_vs_mae,mh_nocons - mae,mh_nocons,mae,class_3_boundary_recall_t4,True,5,-0.06362896663954437,-0.05329536208299429,0.07760026364481772,-0.1798209926769732,0.02481692432872251,1,4,0,2,-0.1798209926769732
cap50,50,mh_nocons_vs_mae,mh_nocons - mae,mh_nocons,mae,class_5_f1,True,5,0.026962695007917824,0.033840421338795,0.07671673621139807,-0.07842048966656057,0.1343607315128003,4,1,0,4,-0.07842048966656057
cap50,50,mh_nocons_vs_mae,mh_nocons - mae,mh_nocons,mae,class_5_iou,True,5,0.01950946876079599,0.02530208229291353,0.05894679636797426,-0.06085700139082634,0.1032065418847293,4,1,0,4,-0.06085700139082634
cap50,50,mh_nocons_vs_mae,mh_nocons - mae,mh_nocons,mae,class_5_boundary_recall_t2,True,5,-0.04540540540540541,-0.016216216216216217,0.10022618685640504,-0.1891891891891892,0.07027027027027027,2,3,0,3,-0.1891891891891892
cap50,50,mh_nocons_vs_mae,mh_nocons - mae,mh_nocons,mae,class_5_boundary_recall_t4,True,5,-0.07459459459459458,-0.021621621621621623,0.16267486517716576,-0.29729729729729726,0.11351351351351352,2,3,0,3,-0.29729729729729726
cap50,50,mh_cons010_vs_mae,mh_cons010 - mae,mh_cons010,mae,macro_f1,True,5,0.045029802244164994,0.03800346275959343,0.027660283110414626,0.01193510212457738,0.07662616990161442,5,0,0,2,0.01193510212457738
cap50,50,mh_cons010_vs_mae,mh_cons010 - mae,mh_cons010,mae,mean_iou,True,5,0.05544900394414738,0.04420186115879143,0.030207161179729176,0.01735870270786799,0.09094692503980739,5,0,0,2,0.01735870270786799
cap50,50,mh_cons010_vs_mae,mh_cons010 - mae,mh_cons010,mae,balanced_accuracy,True,5,0.05360441303519088,0.05997548188067825,0.0280382351368644,0.013104146230796365,0.08967657280289343,5,0,0,4,0.013104146230796365
cap50,50,mh_cons010_vs_mae,mh_cons010 - mae,mh_cons010,mae,accuracy,True,5,0.05055132982796466,0.05207003930777476,0.029356587464510444,0.008512430445658303,0.08647710449742196,5,0,0,2,0.008512430445658303
cap50,50,mh_cons010_vs_mae,mh_cons010 - mae,mh_cons010,mae,weighted_f1,True,5,0.0474503024093079,0.0533000321233682,0.025168307732635058,0.011086574273467376,0.0780984290426554,5,0,0,2,0.011086574273467376
cap50,50,mh_cons010_vs_mae,mh_cons010 - mae,mh_cons010,mae,boundary_region_macro_f1_r2,True,5,0.03416951835674661,0.04905336373443675,0.0381658709794878,-0.030532953918340044,0.0625059668603879,4,1,0,4,-0.030532953918340044
cap50,50,mh_cons010_vs_mae,mh_cons010 - mae,mh_cons010,mae,boundary_region_macro_f1_r4,True,5,0.038840217002114506,0.046722467352012687,0.03678165690909885,-0.02288822843345578,0.06656177544845543,4,1,0,4,-0.02288822843345578
cap50,50,mh_cons010_vs_mae,mh_cons010 - mae,mh_cons010,mae,boundary_region_mean_iou_r2,True,5,0.03052610198880106,0.0427229615425061,0.031291331304262836,-0.02184239538700239,0.05422682067942097,4,1,0,4,-0.02184239538700239
cap50,50,mh_cons010_vs_mae,mh_cons010 - mae,mh_cons010,mae,boundary_region_mean_iou_r4,True,5,0.036987061188073135,0.04406805857431151,0.03375239418999825,-0.018990872660614777,0.06699045550109262,4,1,0,4,-0.018990872660614777
cap50,50,mh_cons010_vs_mae,mh_cons010 - mae,mh_cons010,mae,boundary_f1_t2,True,5,0.04407234164897543,0.027252895934761767,0.0362921704338924,0.011744101736290757,0.0944355370175747,5,0,0,4,0.011744101736290757
cap50,50,mh_cons010_vs_mae,mh_cons010 - mae,mh_cons010,mae,boundary_f1_t4,True,5,0.06226076134045799,0.0350715458517209,0.041774080952880724,0.029547982203742218,0.11372753482631737,5,0,0,2,0.029547982203742218
cap50,50,mh_cons010_vs_mae,mh_cons010 - mae,mh_cons010,mae,vertical_boundary_position_mae,False,5,-0.012615107187475872,0.012453826941503765,0.07224867826625248,-0.12844434186971454,0.06473379072818108,2,3,0,4,0.06473379072818108
cap50,50,mh_cons010_vs_mae,mh_cons010 - mae,mh_cons010,mae,class_3_f1,True,5,0.048929793317217654,0.02716382036135634,0.058780717390373896,-0.010895198586682309,0.1260116945843347,4,1,0,2,-0.010895198586682309
cap50,50,mh_cons010_vs_mae,mh_cons010 - mae,mh_cons010,mae,class_3_iou,True,5,0.04401673962390242,0.02614285593360527,0.052364682445376676,-0.009812730827217453,0.1116129893871518,4,1,0,2,-0.009812730827217453
cap50,50,mh_cons010_vs_mae,mh_cons010 - mae,mh_cons010,mae,class_3_boundary_recall_t2,True,5,0.0010577705451586539,-0.014239218877135862,0.03287391540081412,-0.03254678600488209,0.04841334418226201,2,3,0,2,-0.03254678600488209
cap50,50,mh_cons010_vs_mae,mh_cons010 - mae,mh_cons010,mae,class_3_boundary_recall_t4,True,5,0.0013832384052074654,0.010170870626525663,0.015351210105969241,-0.023596419853539552,0.013018714401952791,3,2,0,2,-0.023596419853539552
cap50,50,mh_cons010_vs_mae,mh_cons010 - mae,mh_cons010,mae,class_5_f1,True,5,0.023082031826281123,0.003635355899528847,0.050068612431013904,-0.022808040783157513,0.09319892597196422,3,2,0,4,-0.022808040783157513
cap50,50,mh_cons010_vs_mae,mh_cons010 - mae,mh_cons010,mae,class_5_iou,True,5,0.016132182806916744,0.0023989169881085404,0.03700857216030374,-0.018319117687931208,0.06973444219381267,3,2,0,4,-0.018319117687931208
cap50,50,mh_cons010_vs_mae,mh_cons010 - mae,mh_cons010,mae,class_5_boundary_recall_t2,True,5,-0.07135135135135136,-0.043243243243243246,0.10657014137585964,-0.22702702702702704,0.05945945945945946,1,4,0,3,-0.22702702702702704
cap50,50,mh_cons010_vs_mae,mh_cons010 - mae,mh_cons010,mae,class_5_boundary_recall_t4,True,5,-0.11783783783783783,-0.10810810810810811,0.11289406270357197,-0.30270270270270266,0.0,0,4,1,3,-0.30270270270270266
cap50,50,m1_current_k6_vs_mae,m1_current_k6 - mae,m1_current_k6,mae,macro_f1,True,5,0.022608781216989192,0.02720455777767916,0.01781032647465077,-0.006169864247372314,0.03996398712144145,4,1,0,4,-0.006169864247372314
cap50,50,m1_current_k6_vs_mae,m1_current_k6 - mae,m1_current_k6,mae,mean_iou,True,5,0.02945757832513298,0.029778871151691977,0.016197741182235863,0.009260845246090277,0.05402274439057353,5,0,0,4,0.009260845246090277
cap50,50,m1_current_k6_vs_mae,m1_current_k6 - mae,m1_current_k6,mae,balanced_accuracy,True,5,0.021633784616297703,0.0005661002886623301,0.053278184031575165,-0.027833785125805033,0.10115614700563946,3,2,0,4,-0.027833785125805033
cap50,50,m1_current_k6_vs_mae,m1_current_k6 - mae,m1_current_k6,mae,accuracy,True,5,0.026759490870726755,0.02971480592849729,0.013819879712072672,0.007004356186295024,0.04126890942195449,5,0,0,2,0.007004356186295024
cap50,50,m1_current_k6_vs_mae,m1_current_k6 - mae,m1_current_k6,mae,weighted_f1,True,5,0.025163810928037256,0.02877941139049245,0.012581723391088043,0.011078376460570416,0.04132926474018761,5,0,0,2,0.011078376460570416
cap50,50,m1_current_k6_vs_mae,m1_current_k6 - mae,m1_current_k6,mae,boundary_region_macro_f1_r2,True,5,0.024419211018588495,0.02549614787686183,0.019838280435048046,-0.006334839671407133,0.0440929592818452,4,1,0,4,-0.006334839671407133
cap50,50,m1_current_k6_vs_mae,m1_current_k6 - mae,m1_current_k6,mae,boundary_region_macro_f1_r4,True,5,0.027838241656996367,0.03132689376564274,0.020650269713127643,-0.0052822545630635265,0.04919302800741532,4,1,0,4,-0.0052822545630635265
cap50,50,m1_current_k6_vs_mae,m1_current_k6 - mae,m1_current_k6,mae,boundary_region_mean_iou_r2,True,5,0.020202251316771735,0.018646158788641898,0.017177289432954157,-0.004938771223920613,0.04088121000274403,4,1,0,4,-0.004938771223920613
cap50,50,m1_current_k6_vs_mae,m1_current_k6 - mae,m1_current_k6,mae,boundary_region_mean_iou_r4,True,5,0.02526734804839744,0.02440321270208262,0.018537402221325782,-0.002174051304349889,0.048637224956409375,4,1,0,4,-0.002174051304349889
cap50,50,m1_current_k6_vs_mae,m1_current_k6 - mae,m1_current_k6,mae,boundary_f1_t2,True,5,0.02723076914723686,0.02855501924497797,0.012056952342609341,0.010074239815557884,0.04144080914146417,5,0,0,0,0.010074239815557884
cap50,50,m1_current_k6_vs_mae,m1_current_k6 - mae,m1_current_k6,mae,boundary_f1_t4,True,5,0.036835908414719135,0.03464886308280585,0.007338860478794015,0.02824194940666047,0.047898444617554936,5,0,0,2,0.02824194940666047
cap50,50,m1_current_k6_vs_mae,m1_current_k6 - mae,m1_current_k6,mae,vertical_boundary_position_mae,False,5,-0.015826865589205673,-0.015516216420781825,0.09870029509014294,-0.14780475791889924,0.12304807734453882,3,2,0,0,0.12304807734453882
cap50,50,m1_current_k6_vs_mae,m1_current_k6 - mae,m1_current_k6,mae,class_3_f1,True,5,0.025146071595625853,0.03225886192769856,0.040534127163470386,-0.03632588864743813,0.07079982899343579,4,1,0,2,-0.03632588864743813
cap50,50,m1_current_k6_vs_mae,m1_current_k6 - mae,m1_current_k6,mae,class_3_iou,True,5,0.021844164832987067,0.026827372864287657,0.03566591022813811,-0.032169819652406284,0.06305744267473684,4,1,0,2,-0.032169819652406284
cap50,50,m1_current_k6_vs_mae,m1_current_k6 - mae,m1_current_k6,mae,class_3_boundary_recall_t2,True,5,-0.03059397884458912,-0.004882017900732394,0.05625026643185827,-0.10659072416598858,0.029698942229454794,1,3,1,4,-0.10659072416598858
cap50,50,m1_current_k6_vs_mae,m1_current_k6 - mae,m1_current_k6,mae,class_3_boundary_recall_t4,True,5,-0.04524003254678601,-0.0382424735557364,0.0656905346451251,-0.11269324654190405,0.029292107404393808,2,3,0,4,-0.11269324654190405
cap50,50,m1_current_k6_vs_mae,m1_current_k6 - mae,m1_current_k6,mae,class_5_f1,True,5,0.005457587428989008,0.008290286799507995,0.05718183370788202,-0.084258096070711,0.055075450566730855,3,2,0,4,-0.084258096070711
cap50,50,m1_current_k6_vs_mae,m1_current_k6 - mae,m1_current_k6,mae,class_5_iou,True,5,0.0025836345303352102,0.005397302375067775,0.04260941562188929,-0.06515597420912397,0.04024368827399391,3,2,0,4,-0.06515597420912397
cap50,50,m1_current_k6_vs_mae,m1_current_k6 - mae,m1_current_k6,mae,class_5_boundary_recall_t2,True,5,-0.05513513513513514,-0.02702702702702703,0.11411680097990615,-0.24864864864864866,0.04864864864864865,1,3,1,3,-0.24864864864864866
cap50,50,m1_current_k6_vs_mae,m1_current_k6 - mae,m1_current_k6,mae,class_5_boundary_recall_t4,True,5,-0.06918918918918919,-0.05945945945945946,0.1402491782298788,-0.28648648648648645,0.10270270270270265,1,4,0,3,-0.28648648648648645
cap50,50,mh_nocons_vs_m1,mh_nocons - m1,mh_nocons,m1,macro_f1,True,5,0.01650115254688369,0.009633835749842556,0.029272907061484603,-0.014885010553446376,0.06473753250769865,4,1,0,2,-0.014885010553446376
cap50,50,mh_nocons_vs_m1,mh_nocons - m1,mh_nocons,m1,mean_iou,True,5,0.01771705385914879,0.01060291543109293,0.03222861782040031,-0.019507567731825937,0.06751155541545784,4,1,0,2,-0.019507567731825937
cap50,50,mh_nocons_vs_m1,mh_nocons - m1,mh_nocons,m1,balanced_accuracy,True,5,0.010481745226197048,0.01845265280576136,0.03714412470899298,-0.047149166391852626,0.050981717816566685,4,1,0,2,-0.047149166391852626
cap50,50,mh_nocons_vs_m1,mh_nocons - m1,mh_nocons,m1,accuracy,True,5,0.013501625061684286,0.009784402811101378,0.02499175639840128,-0.01870097163373996,0.04772023414501336,4,1,0,2,-0.01870097163373996
cap50,50,mh_nocons_vs_m1,mh_nocons - m1,mh_nocons,m1,weighted_f1,True,5,0.012891963021521536,0.012320287160664911,0.02352446938554842,-0.016059827239737645,0.04283922498096682,3,2,0,2,-0.016059827239737645
cap50,50,mh_nocons_vs_m1,mh_nocons - m1,mh_nocons,m1,boundary_region_macro_f1_r2,True,5,0.018449924446942635,0.030462638766233674,0.03417625284864848,-0.021464010277517098,0.050572940940467825,3,2,0,4,-0.021464010277517098
cap50,50,mh_nocons_vs_m1,mh_nocons - m1,mh_nocons,m1,boundary_region_macro_f1_r4,True,5,0.020068084849170997,0.027048125599352435,0.02909000686030747,-0.019105201470272615,0.05126496346870013,4,1,0,4,-0.019105201470272615
cap50,50,mh_nocons_vs_m1,mh_nocons - m1,mh_nocons,m1,boundary_region_mean_iou_r2,True,5,0.016554898918735482,0.030727346202895356,0.03218396726815714,-0.018977028487542236,0.044457693232181184,3,2,0,2,-0.018977028487542236
cap50,50,mh_nocons_vs_m1,mh_nocons - m1,mh_nocons,m1,boundary_region_mean_iou_r4,True,5,0.019354097588035322,0.031157007225977085,0.030408291267512988,-0.01877277465205862,0.04916476786140961,3,2,0,4,-0.01877277465205862
cap50,50,mh_nocons_vs_m1,mh_nocons - m1,mh_nocons,m1,boundary_f1_t2,True,5,0.0120037066551684,0.034501642740014604,0.03969783678683581,-0.04650120694307791,0.04361089527193168,3,2,0,2,-0.04650120694307791
cap50,50,mh_nocons_vs_m1,mh_nocons - m1,mh_nocons,m1,boundary_f1_t4,True,5,0.011041359093057956,0.01438856937099453,0.04502539946565983,-0.05672142417805354,0.0554891898850996,3,2,0,2,-0.05672142417805354
cap50,50,mh_nocons_vs_m1,mh_nocons - m1,mh_nocons,m1,vertical_boundary_position_mae,False,5,-0.03344137487119294,-0.015015710429280738,0.1288436234621472,-0.24263987781118002,0.07896637524875216,3,2,0,2,0.07896637524875216
cap50,50,mh_nocons_vs_m1,mh_nocons - m1,mh_nocons,m1,class_3_f1,True,5,0.01431895071196041,0.001385749320596097,0.02913942108751617,-0.009266378326585167,0.05950133458549489,3,2,0,1,-0.009266378326585167
cap50,50,mh_nocons_vs_m1,mh_nocons - m1,mh_nocons,m1,class_3_iou,True,5,0.01321436870873236,0.001265231898502417,0.02714680963967787,-0.008357760579083884,0.05580931900328745,3,2,0,1,-0.008357760579083884
cap50,50,mh_nocons_vs_m1,mh_nocons - m1,mh_nocons,m1,class_3_boundary_recall_t2,True,5,0.02465419039869813,0.004475183075671296,0.07755972771934985,-0.07160292921074046,0.1318144833197722,3,2,0,4,-0.07160292921074046
cap50,50,mh_nocons_vs_m1,mh_nocons - m1,mh_nocons,m1,class_3_boundary_recall_t4,True,5,0.01806346623270951,-0.006916192026037438,0.06456867292889544,-0.06305939788445886,0.08828315703824241,2,3,0,4,-0.06305939788445886
cap50,50,mh_nocons_vs_m1,mh_nocons - m1,mh_nocons,m1,class_5_f1,True,5,0.03513067137192585,0.014106358343193681,0.07953444683838432,-0.042922005944840746,0.16957467658913072,4,1,0,1,-0.042922005944840746
cap50,50,mh_nocons_vs_m1,mh_nocons - m1,mh_nocons,m1,class_5_iou,True,5,0.0266183681949739,0.010336535526775048,0.059381926823293546,-0.029965348676593728,0.127584649785438,4,1,0,1,-0.029965348676593728
cap50,50,mh_nocons_vs_m1,mh_nocons - m1,mh_nocons,m1,class_5_boundary_recall_t2,True,5,-0.04,-0.06486486486486487,0.11335896815455968,-0.17297297297297298,0.0972972972972973,2,3,0,3,-0.17297297297297298
cap50,50,mh_nocons_vs_m1,mh_nocons - m1,mh_nocons,m1,class_5_boundary_recall_t4,True,5,-0.05837837837837837,-0.032432432432432434,0.17013722816049362,-0.24864864864864866,0.13513513513513514,2,3,0,3,-0.24864864864864866
cap50,50,mh_cons010_vs_m1,mh_cons010 - m1,mh_cons010,m1,macro_f1,True,5,0.018391619926597325,0.024304461628058327,0.024965538396185177,-0.019553851483618212,0.04875931434350744,4,1,0,2,-0.019553851483618212
cap50,50,mh_cons010_vs_m1,mh_cons010 - m1,mh_cons010,m1,mean_iou,True,5,0.019415102909629667,0.025038274928490534,0.029055675491902345,-0.028809649109290625,0.04935467980189301,4,1,0,2,-0.028809649109290625
cap50,50,mh_cons010_vs_m1,mh_cons010 - m1,mh_cons010,m1,balanced_accuracy,True,5,0.03636344221634853,0.03755656888003889,0.019479823230087998,0.00964644087235067,0.06321310313141582,5,0,0,2,0.00964644087235067
cap50,50,mh_cons010_vs_m1,mh_cons010 - m1,mh_cons010,m1,accuracy,True,5,0.011871883880409074,0.019460326373645143,0.025220919785411935,-0.029961543042864136,0.032686286521346974,4,1,0,2,-0.029961543042864136
cap50,50,mh_cons010_vs_m1,mh_cons010 - m1,mh_cons010,m1,weighted_f1,True,5,0.013132043639814905,0.02266503627770111,0.022647573595035234,-0.025217188267883106,0.03013749686009015,4,1,0,2,-0.025217188267883106
cap50,50,mh_cons010_vs_m1,mh_cons010 - m1,mh_cons010,m1,boundary_region_macro_f1_r2,True,5,0.00775589374531237,0.006170990169240109,0.030995812766593824,-0.03719786128445701,0.04117042600168219,3,2,0,4,-0.03719786128445701
cap50,50,mh_cons010_vs_m1,mh_cons010 - m1,mh_cons010,m1,boundary_region_macro_f1_r4,True,5,0.010210200945263693,0.0030819730987576843,0.027114652528808358,-0.027145878171798976,0.037753839761435426,4,1,0,4,-0.027145878171798976
cap50,50,mh_cons010_vs_m1,mh_cons010 - m1,mh_cons010,m1,boundary_region_mean_iou_r2,True,5,0.007408049992081678,0.00863602955920878,0.027256326685087442,-0.029795844929456305,0.03802482625162945,3,2,0,4,-0.029795844929456305
cap50,50,mh_cons010_vs_m1,mh_cons010 - m1,mh_cons010,m1,boundary_region_mean_iou_r4,True,5,0.009257872854739214,0.007422120996367798,0.027436830036179607,-0.027820508356704632,0.0369954355778957,3,2,0,4,-0.027820508356704632
cap50,50,mh_cons010_vs_m1,mh_cons010 - m1,mh_cons010,m1,boundary_f1_t2,True,5,0.004267898023000866,0.007892411096557916,0.051108737540616206,-0.06231229009964284,0.06459797183211702,3,2,0,2,-0.06231229009964284
cap50,50,mh_cons010_vs_m1,mh_cons010 - m1,mh_cons010,m1,boundary_f1_t4,True,5,-0.0076666438624646395,0.007629256819388197,0.06584092246616387,-0.108538363758863,0.06167931849609892,3,2,0,2,-0.108538363758863
cap50,50,mh_cons010_vs_m1,mh_cons010 - m1,mh_cons010,m1,vertical_boundary_position_mae,False,5,-0.08331883128873074,-0.12876470249996097,0.08996159976420759,-0.16633256531682084,0.05261068162132054,4,1,0,4,0.05261068162132054
cap50,50,mh_cons010_vs_m1,mh_cons010 - m1,mh_cons010,m1,class_3_f1,True,5,0.012765638288712623,0.019461036893230865,0.053458103716505126,-0.06295555808282716,0.07140491383654479,3,2,0,1,-0.06295555808282716
cap50,50,mh_cons010_vs_m1,mh_cons010 - m1,mh_cons010,m1,class_3_iou,True,5,0.01269354323756532,0.01882925291913895,0.04814979027775999,-0.05481232831299254,0.06552941946662877,3,2,0,1,-0.05481232831299254
cap50,50,mh_cons010_vs_m1,mh_cons010 - m1,mh_cons010,m1,class_3_boundary_recall_t2,True,5,0.08714401952807162,0.08950366151342554,0.05605203621041218,0.03336045565500406,0.1676159479251424,5,0,0,0,0.03336045565500406
cap50,50,mh_cons010_vs_m1,mh_cons010 - m1,mh_cons010,m1,class_3_boundary_recall_t4,True,5,0.08307567127746135,0.0659072416598861,0.04854598209304788,0.040276647681041555,0.14930838079739622,5,0,0,4,0.040276647681041555
cap50,50,mh_cons010_vs_m1,mh_cons010 - m1,mh_cons010,m1,class_5_f1,True,5,0.031250008190289155,0.012919331670647433,0.06734240168133741,-0.0287700742496384,0.12841287104829463,3,2,0,1,-0.0287700742496384
cap50,50,mh_cons010_vs_m1,mh_cons010 - m1,mh_cons010,m1,class_5_iou,True,5,0.023241082241094658,0.00848009849571757,0.04948626292629513,-0.020252594986753025,0.09411255009452135,3,2,0,1,-0.020252594986753025
cap50,50,mh_cons010_vs_m1,mh_cons010 - m1,mh_cons010,m1,class_5_boundary_recall_t2,True,5,-0.06594594594594595,-0.0918918918918919,0.1180187057266257,-0.21081081081081082,0.08648648648648649,2,3,0,3,-0.21081081081081082
cap50,50,mh_cons010_vs_m1,mh_cons010 - m1,mh_cons010,m1,class_5_boundary_recall_t4,True,5,-0.10162162162162161,-0.11891891891891893,0.11231022464376297,-0.25405405405405407,0.021621621621621623,1,4,0,3,-0.25405405405405407
cap50,50,m1_vs_mae,m1 - mae,m1,mae,macro_f1,True,5,0.02663818231756767,0.027866855558106973,0.01454387822036656,0.003998739510716387,0.04417552482862952,5,0,0,4,0.003998739510716387
cap50,50,m1_vs_mae,m1 - mae,m1,mae,mean_iou,True,5,0.036033901034517715,0.031943592697673884,0.01726983693292547,0.0191635862303009,0.06055641983537596,5,0,0,1,0.0191635862303009
cap50,50,m1_vs_mae,m1 - mae,m1,mae,balanced_accuracy,True,5,0.01724097081884235,0.01432882883971942,0.03467544652981242,-0.02895443693645472,0.05212000392285454,3,2,0,4,-0.02895443693645472
cap50,50,m1_vs_mae,m1 - mae,m1,mae,accuracy,True,5,0.03867944594755559,0.03847397348852244,0.013850538810084452,0.019668776694403256,0.057562067146527784,5,0,0,1,0.019668776694403256
cap50,50,m1_vs_mae,m1 - mae,m1,mae,weighted_f1,True,5,0.034318258769492994,0.03630376254135048,0.017149297132055444,0.009340322463898931,0.05543339276495429,5,0,0,1,0.009340322463898931
cap50,50,m1_vs_mae,m1 - mae,m1,mae,boundary_region_macro_f1_r2,True,5,0.02641362461143424,0.026901720593874634,0.013685694224633633,0.006664907366116968,0.04288237356519664,5,0,0,4,0.006664907366116968
cap50,50,m1_vs_mae,m1 - mae,m1,mae,boundary_region_macro_f1_r4,True,5,0.028630016056850817,0.030662659743101728,0.014787084211184834,0.004257649738343194,0.043640494253255,5,0,0,4,0.004257649738343194
cap50,50,m1_vs_mae,m1 - mae,m1,mae,boundary_region_mean_iou_r2,True,5,0.02311805199671938,0.026331274929081494,0.011871738943707568,0.007953449542453916,0.03408693198329732,5,0,0,4,0.007953449542453916
cap50,50,m1_vs_mae,m1 - mae,m1,mae,boundary_region_mean_iou_r4,True,5,0.02772918833333392,0.02999501992319692,0.01220399391235382,0.008829635696089855,0.03946607962464027,5,0,0,4,0.008829635696089855
cap50,50,m1_vs_mae,m1 - mae,m1,mae,boundary_f1_t2,True,5,0.039804443625974566,0.03002722200925495,0.02330429351948149,0.01936048483820385,0.0792883179369391,5,0,0,1,0.01936048483820385
cap50,50,m1_vs_mae,m1 - mae,m1,mae,boundary_f1_t4,True,5,0.06992740520292264,0.06231763151575642,0.04131656606555053,0.0274422890323327,0.13808634596260522,5,0,0,1,0.0274422890323327
cap50,50,m1_vs_mae,m1 - mae,m1,mae,vertical_boundary_position_mae,False,5,0.07070372410125488,0.037888223447106295,0.06932206724718001,0.012074137580386113,0.14906070601965737,0,5,0,2,0.14906070601965737
cap50,50,m1_vs_mae,m1 - mae,m1,mae,class_3_f1,True,5,0.03616415502850503,0.044043082708965564,0.02925012591120187,0.004009581896973979,0.07045854632067022,5,0,0,2,0.004009581896973979
cap50,50,m1_vs_mae,m1 - mae,m1,mae,class_3_iou,True,5,0.031323196386337106,0.03852243176228687,0.024978543543046065,0.0036475689267597144,0.06104880830764958,5,0,0,2,0.0036475689267597144
cap50,50,m1_vs_mae,m1 - mae,m1,mae,class_3_boundary_recall_t2,True,5,-0.08608624898291296,-0.061432058584214855,0.06426612514703114,-0.20016273393002448,-0.04963384865744508,0,5,0,2,-0.20016273393002448
cap50,50,m1_vs_mae,m1 - mae,m1,mae,class_3_boundary_recall_t4,True,5,-0.08169243287225389,-0.055329536208299446,0.05914964232165641,-0.17290480065093577,-0.027257933279088764,0,5,0,2,-0.17290480065093577
cap50,50,m1_vs_mae,m1 - mae,m1,mae,class_5_f1,True,5,-0.008167976364008029,-0.009283975771118586,0.06518641484505452,-0.09252684800975425,0.08562546849038166,2,3,0,4,-0.09252684800975425
cap50,50,m1_vs_mae,m1 - mae,m1,mae,class_5_iou,True,5,-0.0071088994341779125,-0.006081181507609029,0.04719509603946146,-0.07119353691760139,0.058325120361798266,2,3,0,4,-0.07119353691760139
cap50,50,m1_vs_mae,m1 - mae,m1,mae,class_5_boundary_recall_t2,True,5,-0.005405405405405406,-0.016216216216216217,0.03822198817224581,-0.04864864864864865,0.04864864864864865,2,3,0,1,-0.04864864864864865
cap50,50,m1_vs_mae,m1 - mae,m1,mae,class_5_boundary_recall_t4,True,5,-0.016216216216216217,-0.021621621621621623,0.04063053075235919,-0.05945945945945946,0.037837837837837784,2,3,0,1,-0.05945945945945946
cap100,100,mh_nocons_vs_m1_current_k6,mh_nocons - m1_current_k6,mh_nocons,m1_current_k6,macro_f1,True,5,0.01122352049356925,0.016246301107864736,0.01223285550253691,-0.009465564622752942,0.02012948329589459,4,1,0,1,-0.009465564622752942
cap100,100,mh_nocons_vs_m1_current_k6,mh_nocons - m1_current_k6,mh_nocons,m1_current_k6,mean_iou,True,5,0.014488833411834934,0.01775366439299597,0.016207711878825155,-0.013035599496997397,0.029427488198984886,4,1,0,1,-0.013035599496997397
cap100,100,mh_nocons_vs_m1_current_k6,mh_nocons - m1_current_k6,mh_nocons,m1_current_k6,balanced_accuracy,True,5,-0.009157242195914161,-0.00321462424547192,0.022339122540693427,-0.034346377235008774,0.01876570399028854,2,3,0,1,-0.034346377235008774
cap100,100,mh_nocons_vs_m1_current_k6,mh_nocons - m1_current_k6,mh_nocons,m1_current_k6,accuracy,True,5,0.015475947385437384,0.01656541936801259,0.014226543573452077,-0.006819303350519945,0.03255015569962727,4,1,0,1,-0.006819303350519945
cap100,100,mh_nocons_vs_m1_current_k6,mh_nocons - m1_current_k6,mh_nocons,m1_current_k6,weighted_f1,True,5,0.012944705362530206,0.014673872025269596,0.014633038644399013,-0.008785602867040776,0.031075181891116355,4,1,0,1,-0.008785602867040776
cap100,100,mh_nocons_vs_m1_current_k6,mh_nocons - m1_current_k6,mh_nocons,m1_current_k6,boundary_region_macro_f1_r2,True,5,-0.007674074322071611,-0.0004832077175370708,0.020879476904498463,-0.043984830922304985,0.007695070111199576,2,3,0,0,-0.043984830922304985
cap100,100,mh_nocons_vs_m1_current_k6,mh_nocons - m1_current_k6,mh_nocons,m1_current_k6,boundary_region_macro_f1_r4,True,5,-0.004737788706184376,0.0030927992593977605,0.018168512773544768,-0.03689661528887189,0.0070910347305434,3,2,0,0,-0.03689661528887189
cap100,100,mh_nocons_vs_m1_current_k6,mh_nocons - m1_current_k6,mh_nocons,m1_current_k6,boundary_region_mean_iou_r2,True,5,-0.007919397152571128,0.0009339810977238017,0.020556122417648315,-0.0427364583273106,0.006846783595915895,3,2,0,0,-0.0427364583273106
cap100,100,mh_nocons_vs_m1_current_k6,mh_nocons - m1_current_k6,mh_nocons,m1_current_k6,boundary_region_mean_iou_r4,True,5,-0.0056946641580481235,0.005693816497095439,0.021157490892456443,-0.04196658447365381,0.008336220418565299,3,2,0,0,-0.04196658447365381
cap100,100,mh_nocons_vs_m1_current_k6,mh_nocons - m1_current_k6,mh_nocons,m1_current_k6,boundary_f1_t2,True,5,0.009566748427159965,0.022575095217189145,0.02714929184871047,-0.025846173011381146,0.0340473892368362,3,2,0,0,-0.025846173011381146
cap100,100,mh_nocons_vs_m1_current_k6,mh_nocons - m1_current_k6,mh_nocons,m1_current_k6,boundary_f1_t4,True,5,0.019947938679339527,0.04003687707452369,0.03668986712166008,-0.03557883736076212,0.051487631344010854,4,1,0,1,-0.03557883736076212
cap100,100,mh_nocons_vs_m1_current_k6,mh_nocons - m1_current_k6,mh_nocons,m1_current_k6,vertical_boundary_position_mae,False,5,0.023727883861719958,-0.016349553623680624,0.11964526204928871,-0.07303555768152714,0.21029134859834575,3,2,0,0,0.21029134859834575
cap100,100,mh_nocons_vs_m1_current_k6,mh_nocons - m1_current_k6,mh_nocons,m1_current_k6,class_3_f1,True,5,0.016223841985385602,0.018078910061770315,0.026510640961119672,-0.015220989600359336,0.05468627636183521,3,2,0,2,-0.015220989600359336
cap100,100,mh_nocons_vs_m1_current_k6,mh_nocons - m1_current_k6,mh_nocons,m1_current_k6,class_3_iou,True,5,0.015588327820485193,0.01704173520562985,0.026301927999976188,-0.01536796516597988,0.054358659171291235,3,2,0,2,-0.01536796516597988
cap100,100,mh_nocons_vs_m1_current_k6,mh_nocons - m1_current_k6,mh_nocons,m1_current_k6,class_3_boundary_recall_t2,True,5,-0.005614320585842147,-0.00854353132628155,0.0647962851301698,-0.07200976403580145,0.09682668836452402,2,3,0,0,-0.07200976403580145
cap100,100,mh_nocons_vs_m1_current_k6,mh_nocons - m1_current_k6,mh_nocons,m1_current_k6,class_3_boundary_recall_t4,True,5,-0.008380797396257123,-0.028478437754271724,0.04499582129858736,-0.06061838893409277,0.041497152156224515,2,3,0,0,-0.06061838893409277
cap100,100,mh_nocons_vs_m1_current_k6,mh_nocons - m1_current_k6,mh_nocons,m1_current_k6,class_5_f1,True,5,-0.0028877396543499968,-0.019078748867216555,0.05156192996464164,-0.04489274378287467,0.08312413588154821,2,3,0,1,-0.04489274378287467
cap100,100,mh_nocons_vs_m1_current_k6,mh_nocons - m1_current_k6,mh_nocons,m1_current_k6,class_5_iou,True,5,-0.002566579660302959,-0.016809327084032766,0.041529632239146755,-0.03526202879437301,0.06685709059573663,2,3,0,1,-0.03526202879437301
cap100,100,mh_nocons_vs_m1_current_k6,mh_nocons - m1_current_k6,mh_nocons,m1_current_k6,class_5_boundary_recall_t2,True,5,0.036756756756756756,0.05945945945945946,0.1395704565614701,-0.12972972972972974,0.21081081081081082,3,2,0,4,-0.12972972972972974
cap100,100,mh_nocons_vs_m1_current_k6,mh_nocons - m1_current_k6,mh_nocons,m1_current_k6,class_5_boundary_recall_t4,True,5,0.07675675675675678,0.010810810810810811,0.18753718890996335,-0.11351351351351346,0.35135135135135137,3,2,0,4,-0.11351351351351346
cap100,100,mh_cons010_vs_mh_nocons,mh_cons010 - mh_nocons,mh_cons010,mh_nocons,macro_f1,True,5,-0.0011382425170215038,-0.0033844665991644707,0.003948887035921041,-0.003865536929615554,0.005287900462048745,2,3,0,4,-0.003865536929615554
cap100,100,mh_cons010_vs_mh_nocons,mh_cons010 - mh_nocons,mh_cons010,mh_nocons,mean_iou,True,5,0.0011827839500316184,0.002208155044836624,0.0059206268571113385,-0.007242501661298251,0.008850350355571912,3,2,0,4,-0.007242501661298251
cap100,100,mh_cons010_vs_mh_nocons,mh_cons010 - mh_nocons,mh_cons010,mh_nocons,balanced_accuracy,True,5,0.010769177142209574,0.01829507578456735,0.01644918472639669,-0.008407474663240877,0.029709320325842836,3,2,0,4,-0.008407474663240877
cap100,100,mh_cons010_vs_mh_nocons,mh_cons010 - mh_nocons,mh_cons010,mh_nocons,accuracy,True,5,0.003506644885735222,0.004005224020283582,0.003964918758483508,-0.0023099698810556957,0.007559514693620595,4,1,0,4,-0.0023099698810556957
cap100,100,mh_cons010_vs_mh_nocons,mh_cons010 - mh_nocons,mh_cons010,mh_nocons,weighted_f1,True,5,0.003731798192279534,0.005252800077008901,0.00395955370142193,-0.003049084072757724,0.006467055104536157,4,1,0,4,-0.003049084072757724
cap100,100,mh_cons010_vs_mh_nocons,mh_cons010 - mh_nocons,mh_cons010,mh_nocons,boundary_region_macro_f1_r2,True,5,0.011360238803690326,0.003770551657848009,0.021942802276730684,-0.004852744216556015,0.048242063717143235,3,2,0,2,-0.004852744216556015
cap100,100,mh_cons010_vs_mh_nocons,mh_cons010 - mh_nocons,mh_cons010,mh_nocons,boundary_region_macro_f1_r4,True,5,0.006191078092313296,-0.0025860767591259215,0.018259297026038925,-0.005118607965567623,0.03797879611543664,2,3,0,3,-0.005118607965567623
cap100,100,mh_cons010_vs_mh_nocons,mh_cons010 - mh_nocons,mh_cons010,mh_nocons,boundary_region_mean_iou_r2,True,5,0.012133685474424828,0.008292298165642031,0.019950277937739867,-0.005272629951217578,0.045470730525315084,3,2,0,2,-0.005272629951217578
cap100,100,mh_cons010_vs_mh_nocons,mh_cons010 - mh_nocons,mh_cons010,mh_nocons,boundary_region_mean_iou_r4,True,5,0.008081962761746686,0.003755726258248604,0.018453297164426567,-0.006403986972338849,0.04022772175513939,3,2,0,2,-0.006403986972338849
cap100,100,mh_cons010_vs_mh_nocons,mh_cons010 - mh_nocons,mh_cons010,mh_nocons,boundary_f1_t2,True,5,0.0158784785723316,0.008612464516122964,0.027296877856266756,-0.019539453501044912,0.04522335832567714,4,1,0,4,-0.019539453501044912
cap100,100,mh_cons010_vs_mh_nocons,mh_cons010 - mh_nocons,mh_cons010,mh_nocons,boundary_f1_t4,True,5,0.006471763409691023,0.00419375213253198,0.03145713381802522,-0.03472316861904701,0.05319656583232346,3,2,0,4,-0.03472316861904701
cap100,100,mh_cons010_vs_mh_nocons,mh_cons010 - mh_nocons,mh_cons010,mh_nocons,vertical_boundary_position_mae,False,5,-0.07777257022898657,-0.059632202294003234,0.15176162446240674,-0.3321456514763095,0.03907000121740323,3,2,0,3,0.03907000121740323
cap100,100,mh_cons010_vs_mh_nocons,mh_cons010 - mh_nocons,mh_cons010,mh_nocons,class_3_f1,True,5,-0.01208445146014181,-0.0034667063922764196,0.02095981153723038,-0.04115533081722622,0.007167318427476532,2,3,0,1,-0.04115533081722622
cap100,100,mh_cons010_vs_mh_nocons,mh_cons010 - mh_nocons,mh_cons010,mh_nocons,class_3_iou,True,5,-0.011638281548106944,-0.00345407003172693,0.019934034273957516,-0.03819294809858187,0.0068132571399797115,2,3,0,1,-0.03819294809858187
cap100,100,mh_cons010_vs_mh_nocons,mh_cons010 - mh_nocons,mh_cons010,mh_nocons,class_3_boundary_recall_t2,True,5,0.020097640358014656,0.009764035801464621,0.10046621053793717,-0.07038242473555734,0.1867371847030106,3,2,0,1,-0.07038242473555734
cap100,100,mh_cons010_vs_mh_nocons,mh_cons010 - mh_nocons,mh_cons010,mh_nocons,class_3_boundary_recall_t4,True,5,0.008299430431244948,-0.009764035801464566,0.08025305472190931,-0.0463791700569568,0.1484947111472742,1,4,0,4,-0.0463791700569568
cap100,100,mh_cons010_vs_mh_nocons,mh_cons010 - mh_nocons,mh_cons010,mh_nocons,class_5_f1,True,5,-0.019040519851818948,-0.04189466934136005,0.048831253481553705,-0.0693961006295758,0.04419582032540209,2,3,0,3,-0.0693961006295758
cap100,100,mh_cons010_vs_mh_nocons,mh_cons010 - mh_nocons,mh_cons010,mh_nocons,class_5_iou,True,5,-0.015880587693968586,-0.034576578806510494,0.039548588794971175,-0.05772984113850699,0.034699244707370624,2,3,0,3,-0.05772984113850699
cap100,100,mh_cons010_vs_mh_nocons,mh_cons010 - mh_nocons,mh_cons010,mh_nocons,class_5_boundary_recall_t2,True,5,-0.0972972972972973,-0.08108108108108109,0.05733298225836872,-0.1945945945945946,-0.04864864864864865,0,5,0,0,-0.1945945945945946
cap100,100,mh_cons010_vs_mh_nocons,mh_cons010 - mh_nocons,mh_cons010,mh_nocons,class_5_boundary_recall_t4,True,5,-0.1135135135135135,-0.13513513513513514,0.10640551181097042,-0.25405405405405407,0.021621621621621623,1,4,0,0,-0.25405405405405407
cap100,100,mh_cons010_vs_m1_current_k6,mh_cons010 - m1_current_k6,mh_cons010,m1_current_k6,macro_f1,True,5,0.010085277976547746,0.012380764178249182,0.012693922329922483,-0.009388366911104562,0.0245357905280289,4,1,0,1,-0.009388366911104562
cap100,100,mh_cons010_vs_m1_current_k6,mh_cons010 - m1_current_k6,mh_cons010,m1_current_k6,mean_iou,True,5,0.015671617361866553,0.019961819437832595,0.015162310980359651,-0.009824342638420136,0.028314147351455432,4,1,0,1,-0.009824342638420136
cap100,100,mh_cons010_vs_m1_current_k6,mh_cons010 - m1_current_k6,mh_cons010,m1_current_k6,balanced_accuracy,True,5,0.0016119349462954125,0.000260694354165647,0.011914993264784162,-0.015546644344356597,0.01508045153909543,3,2,0,1,-0.015546644344356597
cap100,100,mh_cons010_vs_m1_current_k6,mh_cons010 - m1_current_k6,mh_cons010,m1_current_k6,accuracy,True,5,0.018982592271172605,0.020570643388296173,0.016744641440536764,-0.005085762417683437,0.040109670393247865,4,1,0,1,-0.005085762417683437
cap100,100,mh_cons010_vs_m1_current_k6,mh_cons010 - m1_current_k6,mh_cons010,m1_current_k6,weighted_f1,True,5,0.016676503554809742,0.01409085948895672,0.015937737894395933,-0.005160791817599986,0.0374385906942859,4,1,0,1,-0.005160791817599986
cap100,100,mh_cons010_vs_m1_current_k6,mh_cons010 - m1_current_k6,mh_cons010,m1_current_k6,boundary_region_macro_f1_r2,True,5,0.0036861644816187145,0.0035803814015410995,0.005978389789475108,-0.0016584043816456062,0.013272803852137804,3,2,0,1,-0.0016584043816456062
cap100,100,mh_cons010_vs_m1_current_k6,mh_cons010 - m1_current_k6,mh_cons010,m1_current_k6,boundary_region_macro_f1_r4,True,5,0.0014532893861289198,0.0010821808265647492,0.004498343096150114,-0.0029224593555002842,0.008688143017521632,3,2,0,1,-0.0029224593555002842
cap100,100,mh_cons010_vs_m1_current_k6,mh_cons010 - m1_current_k6,mh_cons010,m1_current_k6,boundary_region_mean_iou_r2,True,5,0.004214288321853698,0.0027342721980044837,0.006102717226739997,-0.0017379036164269501,0.013726860510702543,4,1,0,1,-0.0017379036164269501
cap100,100,mh_cons010_vs_m1_current_k6,mh_cons010 - m1_current_k6,mh_cons010,m1_current_k6,boundary_region_mean_iou_r4,True,5,0.002387298603698562,-0.0007101704752434101,0.005978464200898972,-0.0031644836436615087,0.01017513787910268,2,3,0,1,-0.0031644836436615087
cap100,100,mh_cons010_vs_m1_current_k6,mh_cons010 - m1_current_k6,mh_cons010,m1_current_k6,boundary_f1_t2,True,5,0.025445226999491567,0.019377185314295997,0.03165808544860413,-0.004348204734336059,0.07561073660499223,4,1,0,1,-0.004348204734336059
cap100,100,mh_cons010_vs_m1_current_k6,mh_cons010 - m1_current_k6,mh_cons010,m1_current_k6,boundary_f1_t4,True,5,0.02641970208903055,0.016764462724963847,0.04901648227299802,-0.031385085228230136,0.09625305612866619,3,2,0,1,-0.031385085228230136
cap100,100,mh_cons010_vs_m1_current_k6,mh_cons010 - m1_current_k6,mh_cons010,m1_current_k6,vertical_boundary_position_mae,False,5,-0.0540446863672666,-0.033965556464123914,0.06964565012867822,-0.13234946480577925,0.021753173745078458,4,1,0,2,0.021753173745078458
cap100,100,mh_cons010_vs_m1_current_k6,mh_cons010 - m1_current_k6,mh_cons010,m1_current_k6,class_3_f1,True,5,0.004139390525243791,0.0033226946821103276,0.0253039948457439,-0.023076420755455906,0.031208735035563984,3,2,0,1,-0.023076420755455906
cap100,100,mh_cons010_vs_m1_current_k6,mh_cons010 - m1_current_k6,mh_cons010,m1_current_k6,class_3_iou,True,5,0.003950046272378249,0.003300450196278837,0.024125681471441812,-0.02115121289295202,0.029184512845939425,3,2,0,1,-0.02115121289295202
cap100,100,mh_cons010_vs_m1_current_k6,mh_cons010 - m1_current_k6,mh_cons010,m1_current_k6,class_3_boundary_recall_t2,True,5,0.01448331977217251,0.0012205044751830707,0.06196429621328522,-0.04190398698128561,0.11472742066720915,3,2,0,3,-0.04190398698128561
cap100,100,mh_cons010_vs_m1_current_k6,mh_cons010 - m1_current_k6,mh_cons010,m1_current_k6,class_3_boundary_recall_t4,True,5,-8.13669650121751e-05,-0.010170870626525552,0.052152194150108265,-0.040276647681041444,0.08787632221318142,1,3,1,3,-0.040276647681041444
cap100,100,mh_cons010_vs_m1_current_k6,mh_cons010 - m1_current_k6,mh_cons010,m1_current_k6,class_5_f1,True,5,-0.021928259506168946,-0.016268779978708903,0.048611953437835,-0.08847484949679235,0.041229466540188164,1,4,0,3,-0.08847484949679235
cap100,100,mh_cons010_vs_m1_current_k6,mh_cons010 - m1_current_k6,mh_cons010,m1_current_k6,class_5_iou,True,5,-0.018447167354271543,-0.013542492908191761,0.03989717538008084,-0.07453916822253975,0.03228051178922614,1,4,0,3,-0.07453916822253975
cap100,100,mh_cons010_vs_m1_current_k6,mh_cons010 - m1_current_k6,mh_cons010,m1_current_k6,class_5_boundary_recall_t2,True,5,-0.06054054054054055,-0.021621621621621623,0.10847235933280751,-0.1783783783783784,0.05405405405405406,2,3,0,4,-0.1783783783783784
cap100,100,mh_cons010_vs_m1_current_k6,mh_cons010 - m1_current_k6,mh_cons010,m1_current_k6,class_5_boundary_recall_t4,True,5,-0.03675675675675675,0.021621621621621623,0.12310803393951543,-0.1783783783783784,0.0972972972972973,3,2,0,2,-0.1783783783783784
cap100,100,mh_nocons_vs_mae,mh_nocons - mae,mh_nocons,mae,macro_f1,True,5,0.021390932332486033,0.02257400556509337,0.00792195819394252,0.01181409066958683,0.0315692513071264,5,0,0,0,0.01181409066958683
cap100,100,mh_nocons_vs_mae,mh_nocons - mae,mh_nocons,mae,mean_iou,True,5,0.025669549637750567,0.029519320171667918,0.016126988341650435,0.005843062236736252,0.046475840085998144,5,0,0,0,0.005843062236736252
cap100,100,mh_nocons_vs_mae,mh_nocons - mae,mh_nocons,mae,balanced_accuracy,True,5,0.02187366017856731,0.019075439565204078,0.01641284575517774,0.0022042842051545053,0.04695808412470637,5,0,0,1,0.0022042842051545053
cap100,100,mh_nocons_vs_mae,mh_nocons - mae,mh_nocons,mae,accuracy,True,5,0.014321387853727408,0.013693909847363295,0.016010740759516424,-0.007950890806064703,0.03642988411863801,4,1,0,0,-0.007950890806064703
cap100,100,mh_nocons_vs_mae,mh_nocons - mae,mh_nocons,mae,weighted_f1,True,5,0.014729760173260198,0.01566264658298311,0.01575605576020146,-0.006405314088632541,0.03631468097095325,4,1,0,0,-0.006405314088632541
cap100,100,mh_nocons_vs_mae,mh_nocons - mae,mh_nocons,mae,boundary_region_macro_f1_r2,True,5,-0.0006068780609898017,0.00786257614975272,0.024591743620797565,-0.04322534204826245,0.019084978487262982,4,1,0,0,-0.04322534204826245
cap100,100,mh_nocons_vs_mae,mh_nocons - mae,mh_nocons,mae,boundary_region_macro_f1_r4,True,5,0.004380162743393123,0.013195757902116911,0.02115667431304126,-0.03202059019270309,0.02186098436293804,4,1,0,0,-0.03202059019270309
cap100,100,mh_nocons_vs_mae,mh_nocons - mae,mh_nocons,mae,boundary_region_mean_iou_r2,True,5,-0.0016459468897882968,0.005673437434799533,0.02305628535595134,-0.04240107208936572,0.01220142708783295,4,1,0,0,-0.04240107208936572
cap100,100,mh_nocons_vs_mae,mh_nocons - mae,mh_nocons,mae,boundary_region_mean_iou_r4,True,5,0.0029294823732635145,0.011559259958626056,0.02268345969269426,-0.03726677686412022,0.016007220976732628,4,1,0,0,-0.03726677686412022
cap100,100,mh_nocons_vs_mae,mh_nocons - mae,mh_nocons,mae,boundary_f1_t2,True,5,0.016383189545378197,0.03919529391667037,0.04070876265194496,-0.046753900765169776,0.04740240483517277,3,2,0,0,-0.046753900765169776
cap100,100,mh_nocons_vs_mae,mh_nocons - mae,mh_nocons,mae,boundary_f1_t4,True,5,0.03380794988233724,0.042856933089756355,0.03864880444096572,-0.014248185607754205,0.08271649138949305,4,1,0,0,-0.014248185607754205
cap100,100,mh_nocons_vs_mae,mh_nocons - mae,mh_nocons,mae,vertical_boundary_position_mae,False,5,0.055752861300430376,0.03366022219238052,0.12890768771937217,-0.07253481373959625,0.2644819059583827,2,3,0,0,0.2644819059583827
cap100,100,mh_nocons_vs_mae,mh_nocons - mae,mh_nocons,mae,class_3_f1,True,5,0.007565506543470923,0.007166724844085648,0.008611132467647139,-0.004147458740541565,0.015982683267011244,4,1,0,0,-0.004147458740541565
cap100,100,mh_nocons_vs_mae,mh_nocons - mae,mh_nocons,mae,class_3_iou,True,5,0.00747392653960075,0.007061821391115941,0.008414823195224788,-0.003934365309941845,0.016138839274550565,4,1,0,0,-0.003934365309941845
cap100,100,mh_nocons_vs_mae,mh_nocons - mae,mh_nocons,mae,class_3_boundary_recall_t2,True,5,0.002522375915378361,0.018714401952807158,0.06653609123848099,-0.09845402766476813,0.07892595606183889,3,2,0,2,-0.09845402766476813
cap100,100,mh_nocons_vs_mae,mh_nocons - mae,mh_nocons,mae,class_3_boundary_recall_t4,True,5,0.0077298616761594776,0.005695687550854367,0.08944215284238281,-0.09560618388934095,0.10821806346623264,3,2,0,3,-0.09560618388934095
cap100,100,mh_nocons_vs_mae,mh_nocons - mae,mh_nocons,mae,class_5_f1,True,5,0.05342389273861019,0.0406556312418917,0.044347817073271026,0.014487231031904912,0.11623184700051792,5,0,0,2,0.014487231031904912
cap100,100,mh_nocons_vs_mae,mh_nocons - mae,mh_nocons,mae,class_5_iou,True,5,0.04135012006773815,0.031793663589290255,0.03397557208635854,0.011714550679202074,0.0916123502753182,5,0,0,2,0.011714550679202074
cap100,100,mh_nocons_vs_mae,mh_nocons - mae,mh_nocons,mae,class_5_boundary_recall_t2,True,5,0.08972972972972973,0.10270270270270271,0.05276849669996014,0.010810810810810811,0.15135135135135136,5,0,0,1,0.010810810810810811
cap100,100,mh_nocons_vs_mae,mh_nocons - mae,mh_nocons,mae,class_5_boundary_recall_t4,True,5,0.11027027027027028,0.11351351351351352,0.08465976248189927,-0.010810810810810811,0.22702702702702704,4,1,0,1,-0.010810810810810811
cap100,100,mh_cons010_vs_mae,mh_cons010 - mae,mh_cons010,mae,macro_f1,True,5,0.02025268981546453,0.018708468635477815,0.004895066906037233,0.015441478445465062,0.02776294407710178,5,0,0,1,0.015441478445465062
cap100,100,mh_cons010_vs_mae,mh_cons010 - mae,mh_cons010,mae,mean_iou,True,5,0.026852333587782183,0.022276818510369667,0.013056438879828259,0.014693412592308164,0.04536249923846869,5,0,0,0,0.014693412592308164
cap100,100,mh_cons010_vs_mae,mh_cons010 - mae,mh_cons010,mae,balanced_accuracy,True,5,0.032642837320776885,0.021022442325086765,0.022227141726368426,0.0106679649019632,0.06525315990927372,5,0,0,4,0.0106679649019632
cap100,100,mh_cons010_vs_mae,mh_cons010 - mae,mh_cons010,mae,accuracy,True,5,0.01782803273946263,0.011988020487688655,0.018003450233270123,-0.003945666785781121,0.04398939881225861,4,1,0,0,-0.003945666785781121
cap100,100,mh_cons010_vs_mae,mh_cons010 - mae,mh_cons010,mae,weighted_f1,True,5,0.018461558365539733,0.012613562510225385,0.01676593107858778,-0.0011525140116236399,0.042678089774122796,4,1,0,0,-0.0011525140116236399
cap100,100,mh_cons010_vs_mae,mh_cons010 - mae,mh_cons010,mae,boundary_region_macro_f1_r2,True,5,0.010753360742700524,0.005016721668880786,0.012289601160565057,-0.00262856973565051,0.02477523419506711,4,1,0,2,-0.00262856973565051
cap100,100,mh_cons010_vs_mae,mh_cons010 - mae,mh_cons010,mae,boundary_region_macro_f1_r4,True,5,0.01057124083570642,0.008254662500125631,0.008066077264177924,0.0008447475966054663,0.01927490760381212,5,0,0,2,0.0008447475966054663
cap100,100,mh_cons010_vs_mae,mh_cons010 - mae,mh_cons010,mae,boundary_region_mean_iou_r2,True,5,0.01048773858463653,0.0037774747165943423,0.011223027451971564,0.0004008074835819553,0.02469702703358201,5,0,0,2,0.0004008074835819553
cap100,100,mh_cons010_vs_mae,mh_cons010 - mae,mh_cons010,mae,boundary_region_mean_iou_r4,True,5,0.0110114451350102,0.010597911516870229,0.008560500190986543,0.0021642463177185545,0.01979892218617274,5,0,0,2,0.0021642463177185545
cap100,100,mh_cons010_vs_mae,mh_cons010 - mae,mh_cons010,mae,boundary_f1_t2,True,5,0.032261668117709794,0.025125404103218063,0.033845717714321905,-0.0015305424394926326,0.0807586412848264,4,1,0,0,-0.0015305424394926326
cap100,100,mh_cons010_vs_mae,mh_cons010 - mae,mh_cons010,mae,boundary_f1_t4,True,5,0.040279713292028264,0.01803575915413208,0.051168054366851234,-0.015211777573918672,0.09605349892207982,4,1,0,0,-0.015211777573918672
cap100,100,mh_cons010_vs_mae,mh_cons010 - mae,mh_cons010,mae,vertical_boundary_position_mae,False,5,-0.022019708928556182,-0.03346481252219302,0.07908998960761925,-0.09379242912553876,0.11079442262450034,4,1,0,2,0.11079442262450034
cap100,100,mh_cons010_vs_mae,mh_cons010 - mae,mh_cons010,mae,class_3_f1,True,5,-0.004518944916670886,-0.00044062115550747016,0.013972835368053119,-0.025172647550214977,0.010955823030601608,2,3,0,1,-0.025172647550214977
cap100,100,mh_cons010_vs_mae,mh_cons010 - mae,mh_cons010,mae,class_3_iou,True,5,-0.004164355008506193,-0.00043807824384844984,0.013166191646971701,-0.02310560254418126,0.010824317401869732,2,3,0,1,-0.02310560254418126
cap100,100,mh_cons010_vs_mae,mh_cons010 - mae,mh_cons010,mae,class_3_boundary_recall_t2,True,5,0.022620016273393016,-0.05166802278275018,0.12907715629271224,-0.0785191212367779,0.21969080553295367,2,3,0,2,-0.0785191212367779
cap100,100,mh_cons010_vs_mae,mh_cons010 - mae,mh_cons010,mae,class_3_boundary_recall_t4,True,5,0.016029292107404426,-0.03580146460537015,0.13687546404369777,-0.10537021969080551,0.2335231895850285,2,3,0,3,-0.10537021969080551
cap100,100,mh_cons010_vs_mae,mh_cons010 - mae,mh_cons010,mae,class_5_f1,True,5,0.03438337288679124,0.06146869350586842,0.07616264043203953,-0.054549059317345105,0.12509353343190782,3,2,0,3,-0.054549059317345105
cap100,100,mh_cons010_vs_mae,mh_cons010 - mae,mh_cons010,mae,class_5_iou,True,5,0.02546953237376957,0.04871204735592255,0.058907360434128704,-0.04493870935378824,0.09353814871753213,3,2,0,3,-0.04493870935378824
cap100,100,mh_cons010_vs_mae,mh_cons010 - mae,mh_cons010,mae,class_5_boundary_recall_t2,True,5,-0.007567567567567568,-0.02702702702702703,0.07650128784299144,-0.0918918918918919,0.10270270270270271,2,3,0,0,-0.0918918918918919
cap100,100,mh_cons010_vs_mae,mh_cons010 - mae,mh_cons010,mae,class_5_boundary_recall_t4,True,5,-0.0032432432432432435,0.010810810810810811,0.09567720261417056,-0.15675675675675677,0.08108108108108109,3,2,0,0,-0.15675675675675677
cap100,100,m1_current_k6_vs_mae,m1_current_k6 - mae,m1_current_k6,mae,macro_f1,True,5,0.010167411838916784,0.01143976801123181,0.011952711955628479,-0.007433799396393326,0.024829845356569624,4,1,0,0,-0.007433799396393326
cap100,100,m1_current_k6_vs_mae,m1_current_k6 - mae,m1_current_k6,mae,mean_iou,True,5,0.011180716225915632,0.015192449323789936,0.013882478048592257,-0.010486427867276271,0.026599011474562007,4,1,0,0,-0.010486427867276271
cap100,100,m1_current_k6_vs_mae,m1_current_k6 - mae,m1_current_k6,mae,balanced_accuracy,True,5,0.031030902374481473,0.03655066144016328,0.019991379192977853,0.00030973557491553727,0.05017270837017829,5,0,0,4,0.00030973557491553727
cap100,100,m1_current_k6_vs_mae,m1_current_k6 - mae,m1_current_k6,mae,accuracy,True,5,-0.0011545595317099754,-0.00073383021083262,0.015030538594836091,-0.024516310174077294,0.017073782905372092,2,3,0,0,-0.024516310174077294
cap100,100,m1_current_k6_vs_mae,m1_current_k6 - mae,m1_current_k6,mae,weighted_f1,True,5,0.0017850548107299913,0.0013848201511107439,0.011411205516517645,-0.01524337350058036,0.016555553765569164,4,1,0,0,-0.01524337350058036
cap100,100,m1_current_k6_vs_mae,m1_current_k6 - mae,m1_current_k6,mae,boundary_region_macro_f1_r2,True,5,0.007067196261081809,0.0007594888740425354,0.011030651862010079,-0.001607378476872534,0.024513934526756598,4,1,0,2,-0.001607378476872534
cap100,100,m1_current_k6_vs_mae,m1_current_k6 - mae,m1_current_k6,mae,boundary_region_macro_f1_r4,True,5,0.0091179514495775,0.006282235735149855,0.0077905560643182275,0.002398591919522741,0.022197366959312403,5,0,0,2,0.002398591919522741
cap100,100,m1_current_k6_vs_mae,m1_current_k6 - mae,m1_current_k6,mae,boundary_region_mean_iou_r2,True,5,0.006273450262782832,0.0003353862379448791,0.010295955386660404,-0.002454458098727408,0.02223162886990193,4,1,0,3,-0.002454458098727408
cap100,100,m1_current_k6_vs_mae,m1_current_k6 - mae,m1_current_k6,mae,boundary_region_mean_iou_r4,True,5,0.008624146531311638,0.0046998076095335906,0.008422999983329156,0.0028744167929619646,0.02296340582983425,5,0,0,2,0.0028744167929619646
cap100,100,m1_current_k6_vs_mae,m1_current_k6 - mae,m1_current_k6,mae,boundary_f1_t2,True,5,0.006816441118218231,0.01036796138641366,0.016800155780667028,-0.02090772775378863,0.02208976238707383,4,1,0,0,-0.02090772775378863
cap100,100,m1_current_k6_vs_mae,m1_current_k6 - mae,m1_current_k6,mae,boundary_f1_t4,True,5,0.013860011202997713,0.0012712964291682338,0.026126217156423777,-0.014985717650336683,0.04267961431496936,3,2,0,0,-0.014985717650336683
cap100,100,m1_current_k6_vs_mae,m1_current_k6 - mae,m1_current_k6,mae,vertical_boundary_position_mae,False,5,0.032024977438710425,0.05419055736003697,0.07929487910779215,-0.08998514769199417,0.10637748470415653,1,4,0,1,0.10637748470415653
cap100,100,m1_current_k6_vs_mae,m1_current_k6 - mae,m1_current_k6,mae,class_3_f1,True,5,-0.008658335441914678,-0.0020962267947590707,0.024122473486219115,-0.038886778251804865,0.018247074837128285,2,3,0,4,-0.038886778251804865
cap100,100,m1_current_k6_vs_mae,m1_current_k6 - mae,m1_current_k6,mae,class_3_iou,True,5,-0.008114401280884443,-0.001954389651229238,0.023568627872412068,-0.03821981989674067,0.01838395695385836,2,3,0,4,-0.03821981989674067
cap100,100,m1_current_k6_vs_mae,m1_current_k6 - mae,m1_current_k6,mae,class_3_boundary_recall_t2,True,5,0.008136696501220508,-0.0231895850284784,0.08294792414868128,-0.07811228641171686,0.10496338486574452,2,3,0,1,-0.07811228641171686
cap100,100,m1_current_k6_vs_mae,m1_current_k6 - mae,m1_current_k6,mae,class_3_boundary_recall_t4,True,5,0.0161106590724166,-0.03580146460537015,0.08934568868377155,-0.06509357200976407,0.14564686737184707,2,3,0,3,-0.06509357200976407
cap100,100,m1_current_k6_vs_mae,m1_current_k6 - mae,m1_current_k6,mae,class_5_f1,True,5,0.056311632392960186,0.033925790179447246,0.04576942747721018,0.01099673029242626,0.1257904568893804,5,0,0,2,0.01099673029242626
cap100,100,m1_current_k6_vs_mae,m1_current_k6 - mae,m1_current_k6,mae,class_5_iou,True,5,0.04391669972804112,0.02960045886875151,0.03411362866261675,0.008872307023223669,0.09410093280453452,5,0,0,2,0.008872307023223669
cap100,100,m1_current_k6_vs_mae,m1_current_k6 - mae,m1_current_k6,mae,class_5_boundary_recall_t2,True,5,0.05297297297297297,0.05405405405405406,0.1677592626272071,-0.10810810810810811,0.2810810810810811,3,2,0,0,-0.10810810810810811
cap100,100,m1_current_k6_vs_mae,m1_current_k6 - mae,m1_current_k6,mae,class_5_boundary_recall_t4,True,5,0.033513513513513504,0.04864864864864865,0.18901149956706395,-0.25405405405405407,0.2378378378378378,3,2,0,0,-0.25405405405405407
cap100,100,mh_nocons_vs_m1,mh_nocons - m1,mh_nocons,m1,macro_f1,True,5,0.010899367860325904,0.012704547673003774,0.003596673230445655,0.006038254566189116,0.014665829220892324,5,0,0,4,0.006038254566189116
cap100,100,mh_nocons_vs_m1,mh_nocons - m1,mh_nocons,m1,mean_iou,True,5,0.012722798863213147,0.012784451572404154,0.0017097058537393038,0.010382659180480536,0.014979191404091763,5,0,0,4,0.010382659180480536
cap100,100,mh_nocons_vs_m1,mh_nocons - m1,mh_nocons,m1,balanced_accuracy,True,5,0.005625913675876682,0.001707089030159037,0.026364442797419858,-0.029475344203871767,0.04278096602914683,3,2,0,1,-0.029475344203871767
cap100,100,mh_nocons_vs_m1,mh_nocons - m1,mh_nocons,m1,accuracy,True,5,0.009644868718838785,0.005896166215733301,0.006818853611161683,0.0028162063743257804,0.017592781663178236,5,0,0,4,0.0028162063743257804
cap100,100,mh_nocons_vs_m1,mh_nocons - m1,mh_nocons,m1,weighted_f1,True,5,0.010271144933670007,0.007340456483222568,0.0044656153216268805,0.0071997277964893636,0.01729869244316995,5,0,0,4,0.0071997277964893636
cap100,100,mh_nocons_vs_m1,mh_nocons - m1,mh_nocons,m1,boundary_region_macro_f1_r2,True,5,-0.006718720263954381,0.00012581836154546,0.018799106094753514,-0.04009259528301884,0.004080298498877033,3,2,0,0,-0.04009259528301884
cap100,100,mh_nocons_vs_m1,mh_nocons - m1,mh_nocons,m1,boundary_region_macro_f1_r4,True,5,-0.004829228632621652,-0.0021102458226075482,0.016862455692328745,-0.03287783333581751,0.008502756706088799,2,3,0,0,-0.03287783333581751
cap100,100,mh_nocons_vs_m1,mh_nocons - m1,mh_nocons,m1,boundary_region_mean_iou_r2,True,5,-0.007129556017945527,-0.0014429566753776935,0.01704476154409568,-0.037021952754605014,0.006145948757668607,1,4,0,0,-0.037021952754605014
cap100,100,mh_nocons_vs_m1,mh_nocons - m1,mh_nocons,m1,boundary_region_mean_iou_r4,True,5,-0.006392356094436935,-0.002611768863593822,0.016476804725664883,-0.03510577982751267,0.006287084888436267,2,3,0,0,-0.03510577982751267
cap100,100,mh_nocons_vs_m1,mh_nocons - m1,mh_nocons,m1,boundary_f1_t2,True,5,0.0061580421553573015,0.01644420593829138,0.022666056139753216,-0.026788331964156753,0.029947330107735592,3,2,0,0,-0.026788331964156753
cap100,100,mh_nocons_vs_m1,mh_nocons - m1,mh_nocons,m1,boundary_f1_t4,True,5,0.021302258257118612,0.012527638052070078,0.01397167502864515,0.009264592383603998,0.03786603697634994,5,0,0,0,0.009264592383603998
cap100,100,mh_nocons_vs_m1,mh_nocons - m1,mh_nocons,m1,vertical_boundary_position_mae,False,5,0.06064828199637926,0.0404189193982214,0.11298707688472122,-0.07598148968577512,0.23091825387957932,1,4,0,0,0.23091825387957932
cap100,100,mh_nocons_vs_m1,mh_nocons - m1,mh_nocons,m1,class_3_f1,True,5,0.026382092116954504,0.027551323673678185,0.03076018566848885,-0.01834189022879429,0.05703395155968599,4,1,0,3,-0.01834189022879429
cap100,100,mh_nocons_vs_m1,mh_nocons - m1,mh_nocons,m1,class_3_iou,True,5,0.024570923805627233,0.02790998613112089,0.028717532762527666,-0.018402067448659076,0.052370054471407745,4,1,0,3,-0.018402067448659076
cap100,100,mh_nocons_vs_m1,mh_nocons - m1,mh_nocons,m1,class_3_boundary_recall_t2,True,5,0.02506102522375917,0.03702196908055333,0.031518016681406184,-0.02237591537835637,0.054109031733116375,4,1,0,2,-0.02237591537835637
cap100,100,mh_nocons_vs_m1,mh_nocons - m1,mh_nocons,m1,class_3_boundary_recall_t4,True,5,0.039951179820992666,0.021562245728234286,0.0339693679909985,0.01179820992676972,0.08218063466232711,5,0,0,2,0.01179820992676972
cap100,100,mh_nocons_vs_m1,mh_nocons - m1,mh_nocons,m1,class_5_f1,True,5,0.01033718947742258,0.013029761765525893,0.04732906749799614,-0.047231984102641456,0.06246221506856897,3,2,0,4,-0.047231984102641456
cap100,100,mh_nocons_vs_m1,mh_nocons - m1,mh_nocons,m1,class_5_iou,True,5,0.008400674122563262,0.009871132613819639,0.0392321595182852,-0.039055804982328746,0.05218984377272323,3,2,0,4,-0.039055804982328746
cap100,100,mh_nocons_vs_m1,mh_nocons - m1,mh_nocons,m1,class_5_boundary_recall_t2,True,5,0.06378378378378378,0.04864864864864865,0.050620690890565,0.010810810810810811,0.12972972972972974,5,0,0,3,0.010810810810810811
cap100,100,mh_nocons_vs_m1,mh_nocons - m1,mh_nocons,m1,class_5_boundary_recall_t4,True,5,0.09945945945945947,0.10270270270270271,0.08820919420913052,-0.010810810810810811,0.21621621621621623,4,1,0,1,-0.010810810810810811
cap100,100,mh_cons010_vs_m1,mh_cons010 - m1,mh_cons010,m1,macro_f1,True,5,0.0097611253433044,0.009441794259435365,0.007050663264421423,0.0021727176365735623,0.019953729682941068,5,0,0,4,0.0021727176365735623
cap100,100,mh_cons010_vs_m1,mh_cons010 - m1,mh_cons010,m1,mean_iou,True,5,0.013905582813244766,0.015690589881136696,0.006547443783182401,0.003140157519182285,0.020835607678361123,5,0,0,4,0.003140157519182285
cap100,100,mh_cons010_vs_m1,mh_cons010 - m1,mh_cons010,m1,balanced_accuracy,True,5,0.016395090818086256,0.020002164814726386,0.01896974110496289,-0.01067561131321959,0.03823019740237321,4,1,0,1,-0.01067561131321959
cap100,100,mh_cons010_vs_m1,mh_cons010 - m1,mh_cons010,m1,accuracy,True,5,0.013151513604574006,0.01244108087872442,0.009246524025521443,0.0005062364932700847,0.02515229635679883,5,0,0,4,0.0005062364932700847
cap100,100,mh_cons010_vs_m1,mh_cons010 - m1,mh_cons010,m1,weighted_f1,True,5,0.014002943125949541,0.013793180451176279,0.006994352008952189,0.00415064372373164,0.023662101246339495,5,0,0,4,0.00415064372373164
cap100,100,mh_cons010_vs_m1,mh_cons010 - m1,mh_cons010,m1,boundary_region_macro_f1_r2,True,5,0.004641518539735945,0.007850850156725042,0.007818206918905425,-0.005480426947530592,0.013881829931220335,3,2,0,3,-0.005480426947530592
cap100,100,mh_cons010_vs_m1,mh_cons010 - m1,mh_cons010,m1,boundary_region_macro_f1_r4,True,5,0.0013618494596916442,0.005100962779619134,0.009852479063010145,-0.010315879862796806,0.013336338222848187,3,2,0,2,-0.010315879862796806
cap100,100,mh_cons010_vs_m1,mh_cons010 - m1,mh_cons010,m1,boundary_region_mean_iou_r2,True,5,0.0050041294564793,0.0069656118833232306,0.005388239488440109,-0.0020578074559718385,0.010790746277884011,4,1,0,3,-0.0020578074559718385
cap100,100,mh_cons010_vs_m1,mh_cons010 - m1,mh_cons010,m1,boundary_region_mean_iou_r4,True,5,0.001689606667309751,0.005121941927626716,0.007778625714878206,-0.00901575583593267,0.010042811146684871,3,2,0,2,-0.00901575583593267
cap100,100,mh_cons010_vs_m1,mh_cons010 - m1,mh_cons010,m1,boundary_f1_t2,True,5,0.022036520727688903,0.01843502636152039,0.021467594459902668,0.002016545372810097,0.05800755330644741,5,0,0,1,0.002016545372810097
cap100,100,mh_cons010_vs_m1,mh_cons010 - m1,mh_cons010,m1,boundary_f1_t4,True,5,0.027774021666809635,0.015882551767759767,0.028010544422003864,0.0004410556192942505,0.06572420388439354,5,0,0,4,0.0004410556192942505
cap100,100,mh_cons010_vs_m1,mh_cons010 - m1,mh_cons010,m1,vertical_boundary_position_mae,False,5,-0.0171242882326073,-0.03691148846837189,0.0720667747507157,-0.10122739759673016,0.07852164676698048,3,2,0,2,0.07852164676698048
cap100,100,mh_cons010_vs_m1,mh_cons010 - m1,mh_cons010,m1,class_3_f1,True,5,0.014297640656812693,0.009868426331006708,0.027748789028393485,-0.014552792042278329,0.05949926128439603,4,1,0,3,-0.014552792042278329
cap100,100,mh_cons010_vs_m1,mh_cons010 - m1,mh_cons010,m1,class_3_iou,True,5,0.012932642257520287,0.009740662379193132,0.02576421077545395,-0.014639571437905285,0.05459517060332625,4,1,0,3,-0.014639571437905285
cap100,100,mh_cons010_vs_m1,mh_cons010 - m1,mh_cons010,m1,class_3_boundary_recall_t2,True,5,0.045158665581773824,0.00854353132628155,0.10830367903616389,-0.06102522375915376,0.22375915378356392,3,2,0,1,-0.06102522375915376
cap100,100,mh_cons010_vs_m1,mh_cons010 - m1,mh_cons010,m1,class_3_boundary_recall_t4,True,5,0.04825061025223761,0.01179820992676972,0.10385394268881397,-0.028478437754271724,0.2306753458096013,4,1,0,1,-0.028478437754271724
cap100,100,mh_cons010_vs_m1,mh_cons010 - m1,mh_cons010,m1,class_5_f1,True,5,-0.008703330374396367,-0.006933885561006825,0.04845629694332199,-0.07540393168636655,0.057225582090927984,2,3,0,2,-0.07540393168636655
cap100,100,mh_cons010_vs_m1,mh_cons010 - m1,mh_cons010,m1,class_5_iou,True,5,-0.007479913571405322,-0.005539997365783755,0.038577607892339445,-0.060698894435008144,0.04457037732119026,2,3,0,2,-0.060698894435008144
cap100,100,mh_cons010_vs_m1,mh_cons010 - m1,mh_cons010,m1,class_5_boundary_recall_t2,True,5,-0.03351351351351352,-0.04864864864864865,0.050620690890565,-0.07027027027027027,0.05405405405405406,1,4,0,3,-0.07027027027027027
cap100,100,mh_cons010_vs_m1,mh_cons010 - m1,mh_cons010,m1,class_5_boundary_recall_t4,True,5,-0.014054054054054054,-0.010810810810810811,0.056252586987017066,-0.0918918918918919,0.05945945945945946,2,3,0,2,-0.0918918918918919
cap100,100,m1_vs_mae,m1 - mae,m1,mae,macro_f1,True,5,0.01049156447216013,0.012806772528207055,0.010553635462476325,-0.002851738551305494,0.023307304324181932,4,1,0,0,-0.002851738551305494
cap100,100,m1_vs_mae,m1 - mae,m1,mae,mean_iou,True,5,0.012946750774537419,0.019136660991187382,0.015307898527751555,-0.0061421950860529595,0.03149664868190638,4,1,0,0,-0.0061421950860529595
cap100,100,m1_vs_mae,m1 - mae,m1,mae,balanced_accuracy,True,5,0.01624774650269063,0.01767764353901713,0.02426233157577254,-0.017207755077286446,0.04525099509454733,4,1,0,3,-0.017207755077286446
cap100,100,m1_vs_mae,m1 - mae,m1,mae,accuracy,True,5,0.004676519134888623,0.010877703473037514,0.013782431916605503,-0.013493967702962628,0.018837102455459775,3,2,0,0,-0.013493967702962628
cap100,100,m1_vs_mae,m1 - mae,m1,mae,weighted_f1,True,5,0.004458615239590191,0.008462918786493745,0.013330611932253413,-0.01374577057185511,0.0190159885277833,3,2,0,0,-0.01374577057185511
cap100,100,m1_vs_mae,m1 - mae,m1,mae,boundary_region_macro_f1_r2,True,5,0.006111842202964579,0.009228314387624836,0.00796974139718467,-0.0031327467652436103,0.01500467998838595,3,2,0,0,-0.0031327467652436103
cap100,100,m1_vs_mae,m1 - mae,m1,mae,boundary_region_macro_f1_r4,True,5,0.009209391376014776,0.011160627459402273,0.006048141589917839,0.0008572431431144167,0.015483516288300803,5,0,0,0,0.0008572431431144167
cap100,100,m1_vs_mae,m1 - mae,m1,mae,boundary_region_mean_iou_r2,True,5,0.00548360912815723,0.005835282172566181,0.008503725069950716,-0.005379119334760707,0.013906280755697997,3,2,0,0,-0.005379119334760707
cap100,100,m1_vs_mae,m1 - mae,m1,mae,boundary_region_mean_iou_r4,True,5,0.00932183846770045,0.011180002153651225,0.006709645516809259,-0.002160997036607548,0.014206699042162041,4,1,0,0,-0.002160997036607548
cap100,100,m1_vs_mae,m1 - mae,m1,mae,boundary_f1_t2,True,5,0.010225147390020894,0.014717527496527383,0.019386932443127433,-0.019965568801013023,0.029619478996943616,4,1,0,0,-0.019965568801013023
cap100,100,m1_vs_mae,m1 - mae,m1,mae,boundary_f1_t4,True,5,0.01250569162521863,0.01759470353483783,0.027646104219976878,-0.023512777991358202,0.044850454413143115,3,2,0,0,-0.023512777991358202
cap100,100,m1_vs_mae,m1 - mae,m1,mae,vertical_boundary_position_mae,False,5,-0.004895420695948882,0.0034466759461788676,0.04099064192714847,-0.05839830669960766,0.03356365207880341,2,3,0,0,0.03356365207880341
cap100,100,m1_vs_mae,m1 - mae,m1,mae,class_3_f1,True,5,-0.01881658557348358,-0.011751825563647844,0.031622307304801735,-0.056479401597461065,0.025508615072879937,1,4,0,0,-0.056479401597461065
cap100,100,m1_vs_mae,m1 - mae,m1,mae,class_3_iou,True,5,-0.01709699726602648,-0.011771146856570325,0.029553399087958978,-0.05171627877328838,0.025463888839775017,1,4,0,0,-0.05171627877328838
cap100,100,m1_vs_mae,m1 - mae,m1,mae,class_3_boundary_recall_t2,True,5,-0.022538649308380808,-0.004068348250610254,0.049450601449179156,-0.07607811228641176,0.03173311635475995,2,3,0,2,-0.07607811228641176
cap100,100,m1_vs_mae,m1 - mae,m1,mae,class_3_boundary_recall_t4,True,5,-0.032221318144833186,-0.007323026851098424,0.06288816353212515,-0.11716842961757523,0.03702196908055322,2,3,0,3,-0.11716842961757523
cap100,100,m1_vs_mae,m1 - mae,m1,mae,class_5_f1,True,5,0.04308670326118761,0.06632267253602958,0.05336771324228426,-0.04761517375633828,0.08788761534453315,4,1,0,3,-0.04761517375633828
cap100,100,m1_vs_mae,m1 - mae,m1,mae,class_5_iou,True,5,0.03294944594517489,0.04896777139634187,0.04254526296693346,-0.03939871198800449,0.070849468571619,4,1,0,3,-0.03939871198800449
cap100,100,m1_vs_mae,m1 - mae,m1,mae,class_5_boundary_recall_t2,True,5,0.025945945945945948,0.021621621621621623,0.05246307268562564,-0.02702702702702703,0.10270270270270271,3,2,0,0,-0.02702702702702703
cap100,100,m1_vs_mae,m1 - mae,m1,mae,class_5_boundary_recall_t4,True,5,0.010810810810810811,0.021621621621621623,0.07990132702213235,-0.11891891891891893,0.08108108108108109,3,1,1,0,-0.11891891891891893
