budget_id,per_class_cap,subsample_seed,decoder_seed,model_role,model,model_tag,voxel_dataset_root,voxel_supervision_grid_sha256,selected_token_identity_sha256,unique_token_xyz_sha256,train_voxel_count,validation_voxel_count,validation_mask_sha256,canonical_valid_token_sha256,initial_model_state_sha256,sampling_mode,steps_per_epoch,sampling_sequence_sha256,train_tile_manifest_sha256,validation_tile_manifest_sha256,train_tile_identity_sha256,validation_tile_identity_sha256,class_weights,metric_schema_sha256,prediction_duplicate_write_count,prediction_missing_write_count,prediction_exact_once,macro_f1,mean_iou,balanced_accuracy,accuracy,weighted_f1,boundary_region_macro_f1_r2,boundary_region_mean_iou_r2,boundary_region_macro_f1_r4,boundary_region_mean_iou_r4,boundary_f1_t2,boundary_f1_t4,vertical_boundary_position_mae,class_3_f1,class_3_iou,class_3_boundary_recall_t2,class_3_boundary_recall_t4,class_5_f1,class_5_iou,class_5_boundary_recall_t2,class_5_boundary_recall_t4
cap25,25,0,42000,mh_xyunanim1_nocons,mh_xyunanim1_nocons,strat_hmm_pretext_mh_k6810_xyunanim1_nocons_topblock1_distill_v1,${SEIS_SSL_CLUSTER_ARTIFACT_ROOT}/lithology/f3/facies_benchmark_v1/voxel_label_budget_v1/original_split/datasets/budget=cap25/subsample_seed=0/voxel_supervision,38a576769ca8b6ca45fc23e4d4fefe492d550ff26a8f2154ab9f0525751618ff,9f67456c82dc0269ba7ce7aed9531c46ff45a2206d085e82e22d9f9bceb241de,0209d6e10db0bf6df8148a4e86e5bbc0c6b2d494b923bef463a31a2db01268e4,10024,470136,56ca3f96050433fbad04fe98b29b2cd441a3526e12940b7a9b445a26952f78c1,3bfeb8db8a47420ae7671db90a7e4d6e5a07fceba27648ec76213df3c2b38fd7,b3d59424338848e580272b30661015ad2beb8d5891a191aba25d95d45489fbd6,uniform_tiles_with_replacement,440,d4bb87af1c3ebd4321dac67ea82b9e61de44fd1af605876f14326b3316c9b61b,ee8b1df9dda450609dd9ee3569b2e1b605ec7154f60e2c1550171cc5d4cae010,8e62afe65636cfdd8d49029721a3646320d0c193ac5aa17f71d6e9e0e5c2739f,f0105eb8ed6fc9b93b59447de897415137e1cd6670858d0516f317670c5b87da,1f7e24f1a68d0020567af2966c4ac1472335c85d59d08526c3a0174bdebdc65b,"[0.9673808217048645,1.1056694984436035,0.979863166809082,0.9815902709960938,1.0435144901275635,0.9396325349807739]",fb47b0b45259f79dda2cbbef90a72dadb55aac7d57e32307c6b4977f1e78dc3e,0,0,True,0.5774888251823794,0.4539357976706501,0.6982792544086448,0.730948066091514,0.7555550466041996,0.38133060920676604,0.24574772172018391,0.43449090121117107,0.29218526499252856,0.20650108577633008,0.30544245385450597,1.8555876471895134,0.3488970090675328,0.21131147540983605,0.2449145646867372,0.3470301057770545,0.186983789711779,0.10313409700956486,0.34054054054054056,0.43243243243243246
cap25,25,1,42001,mh_xyunanim1_nocons,mh_xyunanim1_nocons,strat_hmm_pretext_mh_k6810_xyunanim1_nocons_topblock1_distill_v1,${SEIS_SSL_CLUSTER_ARTIFACT_ROOT}/lithology/f3/facies_benchmark_v1/voxel_label_budget_v1/original_split/datasets/budget=cap25/subsample_seed=1/voxel_supervision,8176a01429c2f42ed120248cc1ae3e8079ebaa403eb86243a7d28e02da1e4733,47a002737903bb827f77e61ea6f6de95d64d69db1ad33575eadb0a344e5d3d75,8545b4fc984e021aac14edc46a754f68b2e1af967bf276de1dbbd425a05089a4,10152,470136,56ca3f96050433fbad04fe98b29b2cd441a3526e12940b7a9b445a26952f78c1,3bfeb8db8a47420ae7671db90a7e4d6e5a07fceba27648ec76213df3c2b38fd7,0f6c20a5a876ea6fa72cdb12ede190390681bdf2fd34d2b383e46b848deaa2a2,uniform_tiles_with_replacement,440,1c350b575bd180d926591291454f319cfec4a640a9f1b78f1298ab897da9b445,509d5d2b2dd983b580cabb2d7e48d3d0b250513d0f39a5b27b981fe539f728fa,8e62afe65636cfdd8d49029721a3646320d0c193ac5aa17f71d6e9e0e5c2739f,3d93bfb300b6db5d636019d5452de1347aef11946b150fce15d7ce09342ec296,1f7e24f1a68d0020567af2966c4ac1472335c85d59d08526c3a0174bdebdc65b,"[1.0298235416412354,0.9532394409179688,0.9679633975028992,1.0528936386108398,1.0335980653762817,0.9712973833084106]",fb47b0b45259f79dda2cbbef90a72dadb55aac7d57e32307c6b4977f1e78dc3e,0,0,True,0.5890145818069664,0.4551780866277983,0.6715697060907436,0.7371122398625078,0.7518192805893786,0.41587331260404475,0.2735090400264579,0.4700922093432265,0.3221219211996686,0.19949351060462173,0.30047483380816714,1.8864306784660767,0.4033590923303703,0.252629811996419,0.3689991863303499,0.5516680227827502,0.21403896642255077,0.11984526112185687,0.3837837837837838,0.5567567567567567
cap25,25,2,42002,mh_xyunanim1_nocons,mh_xyunanim1_nocons,strat_hmm_pretext_mh_k6810_xyunanim1_nocons_topblock1_distill_v1,${SEIS_SSL_CLUSTER_ARTIFACT_ROOT}/lithology/f3/facies_benchmark_v1/voxel_label_budget_v1/original_split/datasets/budget=cap25/subsample_seed=2/voxel_supervision,0967dc394725015586a31a6755dc25c0a8216bb3e6d9713f533d73bec3eb628e,3de7729ce46db1b9c5815708d333d0bd26e9bbbfc36f620b9af987d8a8b0b556,1b6bafccb104eb6ca695df069c80cfab37eba4941ff959be0e101d7079ffdc93,10024,470136,56ca3f96050433fbad04fe98b29b2cd441a3526e12940b7a9b445a26952f78c1,3bfeb8db8a47420ae7671db90a7e4d6e5a07fceba27648ec76213df3c2b38fd7,2685f4710886616954b976b91329f1fd281323735df87c0e37a5db2f8bc02067,uniform_tiles_with_replacement,440,809fbd5c563acef3e6fa6799b400d7e7d9016168108e54af552517fa76fcef41,b3ccf605a13ccedc0854624616237f9439fc99b6e0e733fdec2b3feccc7f614f,8e62afe65636cfdd8d49029721a3646320d0c193ac5aa17f71d6e9e0e5c2739f,6f3277a60b8b88d4afd6d3255d2c4913bd3252f8417d66e8dc75487553e4cf94,1f7e24f1a68d0020567af2966c4ac1472335c85d59d08526c3a0174bdebdc65b,"[0.9833235144615173,0.9844824075698853,1.017458438873291,0.987975537776947,0.9986053109169006,1.0300041437149048]",fb47b0b45259f79dda2cbbef90a72dadb55aac7d57e32307c6b4977f1e78dc3e,0,0,True,0.5915686072329763,0.46281576315052025,0.7162735883905529,0.7168861776166896,0.7425805246414799,0.4759114016330865,0.32788211873221335,0.5273646870521301,0.37715704069609,0.2331427829024295,0.3183058334416006,1.6895918367346938,0.36530671620079225,0.2234711060608135,0.4084621643612693,0.5455655004068348,0.20694387264992453,0.11541405173733353,0.23783783783783785,0.3783783783783784
cap25,25,3,42003,mh_xyunanim1_nocons,mh_xyunanim1_nocons,strat_hmm_pretext_mh_k6810_xyunanim1_nocons_topblock1_distill_v1,${SEIS_SSL_CLUSTER_ARTIFACT_ROOT}/lithology/f3/facies_benchmark_v1/voxel_label_budget_v1/original_split/datasets/budget=cap25/subsample_seed=3/voxel_supervision,8ecb7621a5fcfc74cc61a6e4ce2ff4c3ac58b908f55c0e1ac6f6bd41a5770544,a14e663a0f3fef2d136f68e0c6c3eaf53b220ef4f4159485d87865b4bd59a0dd,833fcd11f6841a54d8a34dc5a4de255852d6e6277e9282a90b8bc7e7724c0597,10256,470136,56ca3f96050433fbad04fe98b29b2cd441a3526e12940b7a9b445a26952f78c1,3bfeb8db8a47420ae7671db90a7e4d6e5a07fceba27648ec76213df3c2b38fd7,19196495f76624a220aef65a234a655353f421d2eaf831ce7a499a68f8a1775c,uniform_tiles_with_replacement,440,d0ee01de78142ffd861f63e25a62c63cef903d28e2dace64aa086a99c4c64263,15e9a842cdc1e6bd3bfd9555a319a19987d13021027fc21855d9bafd923a0cd6,8e62afe65636cfdd8d49029721a3646320d0c193ac5aa17f71d6e9e0e5c2739f,e8d02e9373bf20d3dac3cb7da6949c77047989d16235f39d03c7c07d21435774,1f7e24f1a68d0020567af2966c4ac1472335c85d59d08526c3a0174bdebdc65b,"[0.9684607982635498,1.1216098070144653,0.9544016122817993,0.9544016122817993,1.0253949165344238,0.9949553608894348]",fb47b0b45259f79dda2cbbef90a72dadb55aac7d57e32307c6b4977f1e78dc3e,0,0,True,0.669847322105621,0.5372405087471662,0.7705979489421816,0.8015446594177004,0.8143842719562375,0.4410137278615099,0.2880436865739109,0.5100433925876331,0.34963637960217336,0.23586595037093885,0.35420092826079014,1.880313660751135,0.5062526411343966,0.33891450125733447,0.38934092758340116,0.51586655817738,0.323430732629781,0.1929122398486392,0.31891891891891894,0.4864864864864865
cap25,25,4,42004,mh_xyunanim1_nocons,mh_xyunanim1_nocons,strat_hmm_pretext_mh_k6810_xyunanim1_nocons_topblock1_distill_v1,${SEIS_SSL_CLUSTER_ARTIFACT_ROOT}/lithology/f3/facies_benchmark_v1/voxel_label_budget_v1/original_split/datasets/budget=cap25/subsample_seed=4/voxel_supervision,a9847c677c793cae6cdb98579e15d4a60b6f6f087808874ec9961cd9d1c7bc3a,e305e99147d893cb5caa330e781f0eabaf2cd7bf45b4414998cfd77cd39ad69e,e960033385e8135007ae226c585ceef3d88bc62efc67c21da0345260d6d8b005,10160,470136,56ca3f96050433fbad04fe98b29b2cd441a3526e12940b7a9b445a26952f78c1,3bfeb8db8a47420ae7671db90a7e4d6e5a07fceba27648ec76213df3c2b38fd7,43b7946aacd6ee882d523f717f81031c848bcf9f54c0768bb4e124ece8aacbd9,uniform_tiles_with_replacement,440,98dda68824fedce53dd91764293cc7038eacc29a12fcfe63ab517a4b701f062b,af11466bf70e13fa7519017bd5fbf5f4950df878e14078305bbc95cbbb1005a8,8e62afe65636cfdd8d49029721a3646320d0c193ac5aa17f71d6e9e0e5c2739f,458e176bbea2421241e48393fa11e028a1ced756fa3df033a9eb0ae6feb7318f,1f7e24f1a68d0020567af2966c4ac1472335c85d59d08526c3a0174bdebdc65b,"[0.9902533888816833,0.9350267052650452,0.9782399535179138,1.0344125032424927,1.0337810516357422,1.0369462966918945]",fb47b0b45259f79dda2cbbef90a72dadb55aac7d57e32307c6b4977f1e78dc3e,0,0,True,0.6156280161373999,0.48023771679470956,0.7446017865444062,0.7366974662650807,0.7569889564952889,0.40535606397275586,0.2613605002178399,0.4736916166213338,0.3202414606298671,0.22078551802165833,0.3105220623888799,1.7457838850718301,0.32561010623026126,0.19446492566744972,0.2526444263628967,0.37835638730675347,0.3464779238287833,0.20953933958418264,0.07567567567567568,0.16216216216216217
cap50,50,0,42000,mh_xyunanim1_nocons,mh_xyunanim1_nocons,strat_hmm_pretext_mh_k6810_xyunanim1_nocons_topblock1_distill_v1,${SEIS_SSL_CLUSTER_ARTIFACT_ROOT}/lithology/f3/facies_benchmark_v1/voxel_label_budget_v1/original_split/datasets/budget=cap50/subsample_seed=0/voxel_supervision,942b1e3fa4179568800807b7ce5db3fb935a60019bf4c4b1ac1ca3acb12980bd,2987a70f438bf8a11ce92ec138d0b82823c12bd9aec7d98b979d19bdaa82f3a0,30451c3f13bfc104aacc78b1a2ba7074da453398bcbbbf5b9975ae131b9e3805,20520,470136,56ca3f96050433fbad04fe98b29b2cd441a3526e12940b7a9b445a26952f78c1,3bfeb8db8a47420ae7671db90a7e4d6e5a07fceba27648ec76213df3c2b38fd7,b3d59424338848e580272b30661015ad2beb8d5891a191aba25d95d45489fbd6,uniform_tiles_with_replacement,440,65f4176b8ed733e3b66580a0dd656b154fb0f15dac594ca565d72e4ca3022d9f,0f455c8d13fbf38876361854a76f3b7268d736d57dd1080c5f37323025fa3c1d,8e62afe65636cfdd8d49029721a3646320d0c193ac5aa17f71d6e9e0e5c2739f,97888cbcea96e90c2c154c241c1bd30d43405557d20135f0cf743bc0a652d5ba,1f7e24f1a68d0020567af2966c4ac1472335c85d59d08526c3a0174bdebdc65b,"[1.0310521125793457,1.0251798629760742,0.9336609244346619,0.9732498526573181,0.97826087474823,1.0707576274871826]",fb47b0b45259f79dda2cbbef90a72dadb55aac7d57e32307c6b4977f1e78dc3e,0,0,True,0.7166770746684962,0.5907321434331207,0.7718351228478421,0.8365153912910307,0.8471044169122686,0.4943491337488772,0.3400334830537366,0.5493501568161437,0.39332464922929367,0.34631681045484713,0.4785338710500791,1.7431192660550459,0.5667522663283933,0.39543217338744496,0.3653376729048006,0.516273393002441,0.4241563055062167,0.26916140667267807,0.25405405405405407,0.4
cap50,50,1,42001,mh_xyunanim1_nocons,mh_xyunanim1_nocons,strat_hmm_pretext_mh_k6810_xyunanim1_nocons_topblock1_distill_v1,${SEIS_SSL_CLUSTER_ARTIFACT_ROOT}/lithology/f3/facies_benchmark_v1/voxel_label_budget_v1/original_split/datasets/budget=cap50/subsample_seed=1/voxel_supervision,d4d405a2eec7b6912c977a265c497a8aaeaa0a92d84a18e5d94edf148b6e6469,15fb2e8b6dbe05cbee49fefb3c6fe7e31c246d440c98d6d7e0588009e6edb326,4f2ed47315d08d0fab732be112b4cc045b613a172fd44908cc890c92310ee3f3,20128,470136,56ca3f96050433fbad04fe98b29b2cd441a3526e12940b7a9b445a26952f78c1,3bfeb8db8a47420ae7671db90a7e4d6e5a07fceba27648ec76213df3c2b38fd7,0f6c20a5a876ea6fa72cdb12ede190390681bdf2fd34d2b383e46b848deaa2a2,uniform_tiles_with_replacement,440,8dcc659310999f96dcfe2d150573ffe9b4c0de6cdd4fde5536e7d927282a7c4e,3f473084fc682bfa73a9656c335d9409c0cd09ea2c6aa6ea72ed60de94c35cff,8e62afe65636cfdd8d49029721a3646320d0c193ac5aa17f71d6e9e0e5c2739f,286220023dbe014f834ef794fee52708de28ebb260f1e0cb19d24953977101c5,1f7e24f1a68d0020567af2966c4ac1472335c85d59d08526c3a0174bdebdc65b,"[1.0303030014038086,1.0411752462387085,0.9321107864379883,0.9945646524429321,1.0116605758666992,0.9978187680244446]",fb47b0b45259f79dda2cbbef90a72dadb55aac7d57e32307c6b4977f1e78dc3e,0,0,True,0.6791200945739706,0.5580630997482399,0.7656007406951747,0.8186950159102898,0.835028629765681,0.4800258736942142,0.3302107065125461,0.5427554386727391,0.3902781212894,0.283979863784424,0.39561741190405686,1.7406437125748504,0.48361852038248615,0.3189293241068021,0.46094385679414157,0.5992676973148902,0.2613629355534998,0.15032633371169127,0.23243243243243245,0.4594594594594595
cap50,50,2,42002,mh_xyunanim1_nocons,mh_xyunanim1_nocons,strat_hmm_pretext_mh_k6810_xyunanim1_nocons_topblock1_distill_v1,${SEIS_SSL_CLUSTER_ARTIFACT_ROOT}/lithology/f3/facies_benchmark_v1/voxel_label_budget_v1/original_split/datasets/budget=cap50/subsample_seed=2/voxel_supervision,2917c3e2bea077da26956303a11c555259245afd66f662b06e11b8f02a8b89b0,e5c2f3fbfd8768c039623bfc077eb8d56608d66f40c612318bcb2aafc183e8ea,b7a22050dd9facc76afc3fac5714e8d76e266d2c564b609f933817f080207280,20184,470136,56ca3f96050433fbad04fe98b29b2cd441a3526e12940b7a9b445a26952f78c1,3bfeb8db8a47420ae7671db90a7e4d6e5a07fceba27648ec76213df3c2b38fd7,2685f4710886616954b976b91329f1fd281323735df87c0e37a5db2f8bc02067,uniform_tiles_with_replacement,440,f9bd59b8fba1a632e1cdf81713f517294cef5f15ba17535b28b8476bc8e766be,a3cdad0b7a37eceb81c879d6f342e810d15a5c7ced99015e001eecab6bfb1179,8e62afe65636cfdd8d49029721a3646320d0c193ac5aa17f71d6e9e0e5c2739f,fdd016ffe32209e71d15ab2e296d3f8605dff46693ca8f6a5b8a5cb62258e329,1f7e24f1a68d0020567af2966c4ac1472335c85d59d08526c3a0174bdebdc65b,"[0.9279999732971191,1.0730462074279785,0.9801864624023438,1.0476486682891846,1.0215609073638916,0.9644495248794556]",fb47b0b45259f79dda2cbbef90a72dadb55aac7d57e32307c6b4977f1e78dc3e,0,0,True,0.6876254511350682,0.5690642754611505,0.7591096255736797,0.8378469208909762,0.8485321188635153,0.44907287438631993,0.2992964658291933,0.5153034670285898,0.360652885498854,0.2873865467808974,0.40792263974891846,1.752963194011229,0.5783074680613908,0.4067739367476419,0.41171684296175753,0.5862489829129374,0.22314656227061413,0.12558523822638393,0.16756756756756758,0.3027027027027027
cap50,50,3,42003,mh_xyunanim1_nocons,mh_xyunanim1_nocons,strat_hmm_pretext_mh_k6810_xyunanim1_nocons_topblock1_distill_v1,${SEIS_SSL_CLUSTER_ARTIFACT_ROOT}/lithology/f3/facies_benchmark_v1/voxel_label_budget_v1/original_split/datasets/budget=cap50/subsample_seed=3/voxel_supervision,5803175bef22a11d4b22323d53b05ede1b739ae57988768d5aa3e80bbfcaf68c,10116802c94b3943fe4b8fffefa7dd317fd8ce08e906bfbef174e636f2ccc025,69f73e71a64bdaa1c5434a1b575c22bfc841841e62d8bfd88c3ec891cba2d8df,20192,470136,56ca3f96050433fbad04fe98b29b2cd441a3526e12940b7a9b445a26952f78c1,3bfeb8db8a47420ae7671db90a7e4d6e5a07fceba27648ec76213df3c2b38fd7,19196495f76624a220aef65a234a655353f421d2eaf831ce7a499a68f8a1775c,uniform_tiles_with_replacement,440,b58b5212ad7ed1cf144c5cca5075bfd5906e90ce86e95fc8c545e30a3b61f9cb,00c70d8a3a0c188a95672691acab36e4530e62d58ea100b3606c70bb31cb408f,8e62afe65636cfdd8d49029721a3646320d0c193ac5aa17f71d6e9e0e5c2739f,7132e72cb809a1225c9749d6b2984b0c2a758917ed8558931fee4e6d60b1fe7b,1f7e24f1a68d0020567af2966c4ac1472335c85d59d08526c3a0174bdebdc65b,"[0.9825790524482727,1.0377222299575806,0.9455839395523071,0.9863227605819702,1.028839349746704,1.0253909826278687]",fb47b0b45259f79dda2cbbef90a72dadb55aac7d57e32307c6b4977f1e78dc3e,0,0,True,0.6960853911773399,0.567447004795608,0.7917507340643342,0.8204710977249137,0.8323586593399952,0.48782507657514135,0.33802883565187924,0.5494272589749741,0.3991791630807162,0.2725960600741174,0.3932904232494636,1.807776234874033,0.5266586923879572,0.3574587162302218,0.355166802278275,0.5305126118795769,0.39675369420411916,0.24746895893027698,0.1945945945945946,0.32972972972972975
cap50,50,4,42004,mh_xyunanim1_nocons,mh_xyunanim1_nocons,strat_hmm_pretext_mh_k6810_xyunanim1_nocons_topblock1_distill_v1,${SEIS_SSL_CLUSTER_ARTIFACT_ROOT}/lithology/f3/facies_benchmark_v1/voxel_label_budget_v1/original_split/datasets/budget=cap50/subsample_seed=4/voxel_supervision,97c706fded9e5a93c382cbe2831ba121efa927e1bdee47996297863cff48ca4b,1145582b0586c502bc29810abb0486ded069eadd4400e127b5a5c78429fe112f,37ef1d7da36ac68f6f6464df6e89ee2bed19a75c6af6f3db6b1e81d15e9d6849,19904,470136,56ca3f96050433fbad04fe98b29b2cd441a3526e12940b7a9b445a26952f78c1,3bfeb8db8a47420ae7671db90a7e4d6e5a07fceba27648ec76213df3c2b38fd7,43b7946aacd6ee882d523f717f81031c848bcf9f54c0768bb4e124ece8aacbd9,uniform_tiles_with_replacement,440,6f1bc39f901aca8af80f586b94a2ebcb98be6af757bcd2daa560613ffa7c5e52,bc4237b5eb99e724891287a83ac97e7a96cb725e733cca1aca81c2dae54c9c0d,8e62afe65636cfdd8d49029721a3646320d0c193ac5aa17f71d6e9e0e5c2739f,bfe40af01f4013aba14ab450294e249061cf5054e7e752c069e0090ec921d526,1f7e24f1a68d0020567af2966c4ac1472335c85d59d08526c3a0174bdebdc65b,"[0.9884783625602722,1.030227780342102,0.9858345985412598,1.0022155046463013,1.005252480506897,0.9893627762794495]",fb47b0b45259f79dda2cbbef90a72dadb55aac7d57e32307c6b4977f1e78dc3e,0,0,True,0.696836379110041,0.5726953173108099,0.8231208142215228,0.8271223645923733,0.8413184027292594,0.43985045235631093,0.2916190576050773,0.516482489026658,0.3607792777456768,0.2861121660969743,0.41186648098915474,1.789344262295082,0.5537854559583943,0.3829206795354028,0.44263628966639545,0.6175752644426363,0.33167865464491947,0.19880981297060968,0.15675675675675677,0.2702702702702703
cap100,100,0,42000,mh_xyunanim1_nocons,mh_xyunanim1_nocons,strat_hmm_pretext_mh_k6810_xyunanim1_nocons_topblock1_distill_v1,${SEIS_SSL_CLUSTER_ARTIFACT_ROOT}/lithology/f3/facies_benchmark_v1/voxel_label_budget_v1/original_split/datasets/budget=cap100/subsample_seed=0/voxel_supervision,23a24e715ab3ce6c83d729fe2363d5992e2934d8a2206214ad984185abfb5cbb,02e81d8bc3eda96fb92ad57a00f0d5054cfa49c7cde0b97ff70354d9c5137a61,53cb0dfa6db023d370763f541b47cf5df5226c426de2e6a55d146553fbd10eee,40504,470136,56ca3f96050433fbad04fe98b29b2cd441a3526e12940b7a9b445a26952f78c1,3bfeb8db8a47420ae7671db90a7e4d6e5a07fceba27648ec76213df3c2b38fd7,b3d59424338848e580272b30661015ad2beb8d5891a191aba25d95d45489fbd6,uniform_tiles_with_replacement,440,1aa08564dcfa1a9e3b04397e4feec448422b6352b4c2a0abf01c802261bae5d9,9d0028f599b857fa2bc49b42b66d11d3d6b7814fcd0a34d179df98d66abc6920,8e62afe65636cfdd8d49029721a3646320d0c193ac5aa17f71d6e9e0e5c2739f,fbb3623fb7b890a2fad4424bf6bc70756fe912a5affcc0c89a2355f4842dd159,1f7e24f1a68d0020567af2966c4ac1472335c85d59d08526c3a0174bdebdc65b,"[0.954157829284668,1.014985203742981,0.980061948299408,1.0377658605575562,1.0032198429107666,1.0142227411270142]",fb47b0b45259f79dda2cbbef90a72dadb55aac7d57e32307c6b4977f1e78dc3e,0,0,True,0.7458755598629422,0.6313075300413845,0.8414008503551016,0.8698674426123505,0.8794533179523311,0.5047205397934229,0.3538741449103778,0.5747435261011936,0.42600812929996734,0.37106194312998253,0.495459777465149,1.6024780588538978,0.5747177005426015,0.4032307850601914,0.5650935720097641,0.7335231895850285,0.4153737658674189,0.2621272808188696,0.24324324324324326,0.41621621621621624
cap100,100,1,42001,mh_xyunanim1_nocons,mh_xyunanim1_nocons,strat_hmm_pretext_mh_k6810_xyunanim1_nocons_topblock1_distill_v1,${SEIS_SSL_CLUSTER_ARTIFACT_ROOT}/lithology/f3/facies_benchmark_v1/voxel_label_budget_v1/original_split/datasets/budget=cap100/subsample_seed=1/voxel_supervision,14c4fdfe83a1af3168e8b8901b8bc51bb24075da24fff382166311954914894e,5174cc1e838694fcf1e3d84dec1c68150f5b43c44c023e7b390b7230b632e049,1f5586e90fe98c968c1db936c172f6aa04d5f932fe41b1f6366b10c22f02a7bf,40320,470136,56ca3f96050433fbad04fe98b29b2cd441a3526e12940b7a9b445a26952f78c1,3bfeb8db8a47420ae7671db90a7e4d6e5a07fceba27648ec76213df3c2b38fd7,0f6c20a5a876ea6fa72cdb12ede190390681bdf2fd34d2b383e46b848deaa2a2,uniform_tiles_with_replacement,440,d16d0df5105cf606cd6edfc4b050010111a53ad75837889d30d19d533c61c4bd,c88645452f149896b73bd9ccf601387699e204c9b3a6e91181cd5fe260d6e0ca,8e62afe65636cfdd8d49029721a3646320d0c193ac5aa17f71d6e9e0e5c2739f,c34c83b28d37f9a6322aefe258db2e6d55ca1087f202f187b3f1e8f65e3a7d56,1f7e24f1a68d0020567af2966c4ac1472335c85d59d08526c3a0174bdebdc65b,"[0.9886714816093445,1.0425069332122803,0.9322974681854248,1.0240780115127563,1.0041841268539429,1.0158730745315552]",fb47b0b45259f79dda2cbbef90a72dadb55aac7d57e32307c6b4977f1e78dc3e,0,0,True,0.7165803395568019,0.5975049857426935,0.7671754177810953,0.8403951197100413,0.8514230812982977,0.4988907815390891,0.34611629418479056,0.5658350604231971,0.4120628902585124,0.3289057558507274,0.4711720916654503,1.818876497315159,0.5769733366697251,0.4054550427884803,0.36655817737998375,0.5199349064279902,0.3616394320921511,0.22073250490516677,0.2702702702702703,0.44324324324324327
cap100,100,2,42002,mh_xyunanim1_nocons,mh_xyunanim1_nocons,strat_hmm_pretext_mh_k6810_xyunanim1_nocons_topblock1_distill_v1,${SEIS_SSL_CLUSTER_ARTIFACT_ROOT}/lithology/f3/facies_benchmark_v1/voxel_label_budget_v1/original_split/datasets/budget=cap100/subsample_seed=2/voxel_supervision,12a37b68c6afb085d57969ed510b38d47d1bcc895e074b8a8d45f540dfb53cdf,7581b51326f8de81a2cc0cd0b83507331b546649a63c1f4b1ad48fec16db9674,87e11b5e4e7f187a4e278384fbe9139d0cdb1fb1cade64a5cd74a0dc6f95cc02,40520,470136,56ca3f96050433fbad04fe98b29b2cd441a3526e12940b7a9b445a26952f78c1,3bfeb8db8a47420ae7671db90a7e4d6e5a07fceba27648ec76213df3c2b38fd7,2685f4710886616954b976b91329f1fd281323735df87c0e37a5db2f8bc02067,uniform_tiles_with_replacement,440,030c8aac43996fc4e1ab3b3fd96400204e1442a9ec1a0532ab52b9d3173b2221,ca1f74e8284ac0799e1a98fff00be0eff3abdc445afa7ec3e23e6209c11c6d48,8e62afe65636cfdd8d49029721a3646320d0c193ac5aa17f71d6e9e0e5c2739f,c8af96e1b65dfae901a338e64694cf53b89b55aa321a311f0f70f4b28ec98965,1f7e24f1a68d0020567af2966c4ac1472335c85d59d08526c3a0174bdebdc65b,"[0.9969491362571716,1.027122974395752,0.9797378778457642,0.994892954826355,1.009617805480957,0.9929912090301514]",fb47b0b45259f79dda2cbbef90a72dadb55aac7d57e32307c6b4977f1e78dc3e,0,0,True,0.7378582955063712,0.6183627179892186,0.7746514660637295,0.8588961491993806,0.8667361783166325,0.5183107061027961,0.362586518847134,0.5833156259629354,0.427966230162165,0.33482577379793654,0.4958146778275258,1.8826069886140557,0.5910928626488586,0.41953997320232245,0.4141578519121237,0.5777054515866559,0.4214490134056334,0.2669847328244275,0.2702702702702703,0.3891891891891892
cap100,100,3,42003,mh_xyunanim1_nocons,mh_xyunanim1_nocons,strat_hmm_pretext_mh_k6810_xyunanim1_nocons_topblock1_distill_v1,${SEIS_SSL_CLUSTER_ARTIFACT_ROOT}/lithology/f3/facies_benchmark_v1/voxel_label_budget_v1/original_split/datasets/budget=cap100/subsample_seed=3/voxel_supervision,c22f466bd6ea2bb3276e4ca1684360095fd6d09ee622b8a00e3707e98984c76b,89c28eaf7bd853ef5f2d9d3e7b88d568c4ca5c28c62e2126af4d51dba83cb9a7,cc2c8a4af74839e7671ee743599cc0c48b39e4a134f9f05910e5ee9b13951afd,40672,470136,56ca3f96050433fbad04fe98b29b2cd441a3526e12940b7a9b445a26952f78c1,3bfeb8db8a47420ae7671db90a7e4d6e5a07fceba27648ec76213df3c2b38fd7,19196495f76624a220aef65a234a655353f421d2eaf831ce7a499a68f8a1775c,uniform_tiles_with_replacement,440,ddd12c9940bb34c2a4f859e762d04a8b30b985463260d61ad4d881d9915563b7,5c705294a1d682e9a41626f5e9ec7cd3043b3d6aa203d2a023692f231fc6c58f,8e62afe65636cfdd8d49029721a3646320d0c193ac5aa17f71d6e9e0e5c2739f,81368a1370c6eedb784667c07b2e902bdadf2520b8416aa73b7d47e1946933da,1f7e24f1a68d0020567af2966c4ac1472335c85d59d08526c3a0174bdebdc65b,"[0.9609677791595459,1.042551040649414,0.9638371467590332,1.0169017314910889,1.0305057764053345,0.991178035736084]",fb47b0b45259f79dda2cbbef90a72dadb55aac7d57e32307c6b4977f1e78dc3e,0,0,True,0.7437144140598931,0.6226276615856233,0.826275488111094,0.8613592662548709,0.8710109878016459,0.48346359292869834,0.3276096387892828,0.5546559165662829,0.3948665068575141,0.3048340713014105,0.4448806317615374,1.8618920582803202,0.5606348402346882,0.38950146627565985,0.46745321399511797,0.6187957689178194,0.4604874757527199,0.2991125232825682,0.2648648648648649,0.5027027027027027
cap100,100,4,42004,mh_xyunanim1_nocons,mh_xyunanim1_nocons,strat_hmm_pretext_mh_k6810_xyunanim1_nocons_topblock1_distill_v1,${SEIS_SSL_CLUSTER_ARTIFACT_ROOT}/lithology/f3/facies_benchmark_v1/voxel_label_budget_v1/original_split/datasets/budget=cap100/subsample_seed=4/voxel_supervision,6d6503665d7aca5b514e710ee1d74be4b4c1d17fab032bfbf4fe093208163b5d,8122c98b6ed73066587e88840d50441e0e67952e182240cc56470b3ab7077492,f9ef554e8c4f2f2df77902bedc19bf573190d61faf73c36287343ba3d5eb8fa9,40616,470136,56ca3f96050433fbad04fe98b29b2cd441a3526e12940b7a9b445a26952f78c1,3bfeb8db8a47420ae7671db90a7e4d6e5a07fceba27648ec76213df3c2b38fd7,43b7946aacd6ee882d523f717f81031c848bcf9f54c0768bb4e124ece8aacbd9,uniform_tiles_with_replacement,440,cf2652c49ae4e304be347a292f18dfff1cfb70fe5c137f4202c32b392ba0c836,75b1a9c8a190aeb8e7a56fb48a7187c1067e8f148db930c1d77feb504d1ab411,8e62afe65636cfdd8d49029721a3646320d0c193ac5aa17f71d6e9e0e5c2739f,c7fa5c74e2d094903b5f81ca2f2000c701e1739d51bb1e33894ffeeab432e5c0,1f7e24f1a68d0020567af2966c4ac1472335c85d59d08526c3a0174bdebdc65b,"[0.9864956736564636,1.020246148109436,0.9555806517601013,1.0297130346298218,0.9730247855186462,1.0407954454421997]",fb47b0b45259f79dda2cbbef90a72dadb55aac7d57e32307c6b4977f1e78dc3e,0,0,True,0.7465837395060372,0.6285718604836122,0.8105080442546329,0.8730431194377797,0.8797214863297845,0.5083814376861444,0.3569458419398004,0.5733854032449969,0.4231208709527332,0.37381245385183365,0.5115431946837312,1.7115088529638183,0.6266316211520471,0.4562735175814195,0.4804719283970708,0.6216436126932465,0.43056799856656514,0.2743463865738098,0.2,0.32972972972972975
cap25,25,0,42000,mh_xycons1_nocons,mh_xycons1_nocons,strat_hmm_pretext_mh_k6810_xycons1_nocons_topblock1_distill_v1,${SEIS_SSL_CLUSTER_ARTIFACT_ROOT}/lithology/f3/facies_benchmark_v1/voxel_label_budget_v1/original_split/datasets/budget=cap25/subsample_seed=0/voxel_supervision,38a576769ca8b6ca45fc23e4d4fefe492d550ff26a8f2154ab9f0525751618ff,9f67456c82dc0269ba7ce7aed9531c46ff45a2206d085e82e22d9f9bceb241de,0209d6e10db0bf6df8148a4e86e5bbc0c6b2d494b923bef463a31a2db01268e4,10024,470136,56ca3f96050433fbad04fe98b29b2cd441a3526e12940b7a9b445a26952f78c1,3bfeb8db8a47420ae7671db90a7e4d6e5a07fceba27648ec76213df3c2b38fd7,b3d59424338848e580272b30661015ad2beb8d5891a191aba25d95d45489fbd6,uniform_tiles_with_replacement,440,d4bb87af1c3ebd4321dac67ea82b9e61de44fd1af605876f14326b3316c9b61b,ee8b1df9dda450609dd9ee3569b2e1b605ec7154f60e2c1550171cc5d4cae010,8e62afe65636cfdd8d49029721a3646320d0c193ac5aa17f71d6e9e0e5c2739f,f0105eb8ed6fc9b93b59447de897415137e1cd6670858d0516f317670c5b87da,1f7e24f1a68d0020567af2966c4ac1472335c85d59d08526c3a0174bdebdc65b,"[0.9673808217048645,1.1056694984436035,0.979863166809082,0.9815902709960938,1.0435144901275635,0.9396325349807739]",fb47b0b45259f79dda2cbbef90a72dadb55aac7d57e32307c6b4977f1e78dc3e,0,0,True,0.566366825980272,0.44253988253515847,0.6543509180281433,0.7283232936852315,0.7403972737554565,0.40346633080829825,0.26337862798858064,0.4539706077950996,0.30889566719883216,0.2242358863718087,0.3270046745774901,1.8163624367714977,0.289892322370855,0.1695169995217817,0.19528071602929212,0.2957689178193653,0.25710668661526065,0.14751716851558372,0.2594594594594595,0.4
cap25,25,1,42001,mh_xycons1_nocons,mh_xycons1_nocons,strat_hmm_pretext_mh_k6810_xycons1_nocons_topblock1_distill_v1,${SEIS_SSL_CLUSTER_ARTIFACT_ROOT}/lithology/f3/facies_benchmark_v1/voxel_label_budget_v1/original_split/datasets/budget=cap25/subsample_seed=1/voxel_supervision,8176a01429c2f42ed120248cc1ae3e8079ebaa403eb86243a7d28e02da1e4733,47a002737903bb827f77e61ea6f6de95d64d69db1ad33575eadb0a344e5d3d75,8545b4fc984e021aac14edc46a754f68b2e1af967bf276de1dbbd425a05089a4,10152,470136,56ca3f96050433fbad04fe98b29b2cd441a3526e12940b7a9b445a26952f78c1,3bfeb8db8a47420ae7671db90a7e4d6e5a07fceba27648ec76213df3c2b38fd7,0f6c20a5a876ea6fa72cdb12ede190390681bdf2fd34d2b383e46b848deaa2a2,uniform_tiles_with_replacement,440,1c350b575bd180d926591291454f319cfec4a640a9f1b78f1298ab897da9b445,509d5d2b2dd983b580cabb2d7e48d3d0b250513d0f39a5b27b981fe539f728fa,8e62afe65636cfdd8d49029721a3646320d0c193ac5aa17f71d6e9e0e5c2739f,3d93bfb300b6db5d636019d5452de1347aef11946b150fce15d7ce09342ec296,1f7e24f1a68d0020567af2966c4ac1472335c85d59d08526c3a0174bdebdc65b,"[1.0298235416412354,0.9532394409179688,0.9679633975028992,1.0528936386108398,1.0335980653762817,0.9712973833084106]",fb47b0b45259f79dda2cbbef90a72dadb55aac7d57e32307c6b4977f1e78dc3e,0,0,True,0.5787157007839733,0.44552981590021806,0.6876449451732976,0.7068210049857914,0.7287483902296539,0.4218104417180586,0.2774311445183214,0.47267513697087304,0.323916710449539,0.20885733388519215,0.3118851284663631,1.8687219273172724,0.3877988458367683,0.24053998772755164,0.2827502034174125,0.42636289666395444,0.20904076997945278,0.11672000483062617,0.2648648648648649,0.3945945945945946
cap25,25,2,42002,mh_xycons1_nocons,mh_xycons1_nocons,strat_hmm_pretext_mh_k6810_xycons1_nocons_topblock1_distill_v1,${SEIS_SSL_CLUSTER_ARTIFACT_ROOT}/lithology/f3/facies_benchmark_v1/voxel_label_budget_v1/original_split/datasets/budget=cap25/subsample_seed=2/voxel_supervision,0967dc394725015586a31a6755dc25c0a8216bb3e6d9713f533d73bec3eb628e,3de7729ce46db1b9c5815708d333d0bd26e9bbbfc36f620b9af987d8a8b0b556,1b6bafccb104eb6ca695df069c80cfab37eba4941ff959be0e101d7079ffdc93,10024,470136,56ca3f96050433fbad04fe98b29b2cd441a3526e12940b7a9b445a26952f78c1,3bfeb8db8a47420ae7671db90a7e4d6e5a07fceba27648ec76213df3c2b38fd7,2685f4710886616954b976b91329f1fd281323735df87c0e37a5db2f8bc02067,uniform_tiles_with_replacement,440,809fbd5c563acef3e6fa6799b400d7e7d9016168108e54af552517fa76fcef41,b3ccf605a13ccedc0854624616237f9439fc99b6e0e733fdec2b3feccc7f614f,8e62afe65636cfdd8d49029721a3646320d0c193ac5aa17f71d6e9e0e5c2739f,6f3277a60b8b88d4afd6d3255d2c4913bd3252f8417d66e8dc75487553e4cf94,1f7e24f1a68d0020567af2966c4ac1472335c85d59d08526c3a0174bdebdc65b,"[0.9833235144615173,0.9844824075698853,1.017458438873291,0.987975537776947,0.9986053109169006,1.0300041437149048]",fb47b0b45259f79dda2cbbef90a72dadb55aac7d57e32307c6b4977f1e78dc3e,0,0,True,0.6073079076761925,0.47719265967416313,0.6253117997016594,0.7707110282981946,0.7721071688974543,0.4359416018524029,0.2951420770673749,0.4816116996122129,0.3352836193099818,0.2393014610529956,0.3601625313391545,1.8953432549207874,0.36213941073811723,0.22110514967657824,0.14117168429617574,0.24084621643612694,0.3278071722516167,0.1960343130361412,0.2702702702702703,0.41621621621621624
cap25,25,3,42003,mh_xycons1_nocons,mh_xycons1_nocons,strat_hmm_pretext_mh_k6810_xycons1_nocons_topblock1_distill_v1,${SEIS_SSL_CLUSTER_ARTIFACT_ROOT}/lithology/f3/facies_benchmark_v1/voxel_label_budget_v1/original_split/datasets/budget=cap25/subsample_seed=3/voxel_supervision,8ecb7621a5fcfc74cc61a6e4ce2ff4c3ac58b908f55c0e1ac6f6bd41a5770544,a14e663a0f3fef2d136f68e0c6c3eaf53b220ef4f4159485d87865b4bd59a0dd,833fcd11f6841a54d8a34dc5a4de255852d6e6277e9282a90b8bc7e7724c0597,10256,470136,56ca3f96050433fbad04fe98b29b2cd441a3526e12940b7a9b445a26952f78c1,3bfeb8db8a47420ae7671db90a7e4d6e5a07fceba27648ec76213df3c2b38fd7,19196495f76624a220aef65a234a655353f421d2eaf831ce7a499a68f8a1775c,uniform_tiles_with_replacement,440,d0ee01de78142ffd861f63e25a62c63cef903d28e2dace64aa086a99c4c64263,15e9a842cdc1e6bd3bfd9555a319a19987d13021027fc21855d9bafd923a0cd6,8e62afe65636cfdd8d49029721a3646320d0c193ac5aa17f71d6e9e0e5c2739f,e8d02e9373bf20d3dac3cb7da6949c77047989d16235f39d03c7c07d21435774,1f7e24f1a68d0020567af2966c4ac1472335c85d59d08526c3a0174bdebdc65b,"[0.9684607982635498,1.1216098070144653,0.9544016122817993,0.9544016122817993,1.0253949165344238,0.9949553608894348]",fb47b0b45259f79dda2cbbef90a72dadb55aac7d57e32307c6b4977f1e78dc3e,0,0,True,0.6833172801604307,0.5559721409389629,0.7528969907794267,0.8323506389640445,0.836939460019466,0.4326275062585303,0.28323818548662966,0.49743415009528524,0.3410065442758407,0.26852960745176313,0.4094034153914393,1.914409534127844,0.5020051039008385,0.33511803358481385,0.2530512611879577,0.37591537835638733,0.34574749075541467,0.20900526904039599,0.2810810810810811,0.4540540540540541
cap25,25,4,42004,mh_xycons1_nocons,mh_xycons1_nocons,strat_hmm_pretext_mh_k6810_xycons1_nocons_topblock1_distill_v1,${SEIS_SSL_CLUSTER_ARTIFACT_ROOT}/lithology/f3/facies_benchmark_v1/voxel_label_budget_v1/original_split/datasets/budget=cap25/subsample_seed=4/voxel_supervision,a9847c677c793cae6cdb98579e15d4a60b6f6f087808874ec9961cd9d1c7bc3a,e305e99147d893cb5caa330e781f0eabaf2cd7bf45b4414998cfd77cd39ad69e,e960033385e8135007ae226c585ceef3d88bc62efc67c21da0345260d6d8b005,10160,470136,56ca3f96050433fbad04fe98b29b2cd441a3526e12940b7a9b445a26952f78c1,3bfeb8db8a47420ae7671db90a7e4d6e5a07fceba27648ec76213df3c2b38fd7,43b7946aacd6ee882d523f717f81031c848bcf9f54c0768bb4e124ece8aacbd9,uniform_tiles_with_replacement,440,98dda68824fedce53dd91764293cc7038eacc29a12fcfe63ab517a4b701f062b,af11466bf70e13fa7519017bd5fbf5f4950df878e14078305bbc95cbbb1005a8,8e62afe65636cfdd8d49029721a3646320d0c193ac5aa17f71d6e9e0e5c2739f,458e176bbea2421241e48393fa11e028a1ced756fa3df033a9eb0ae6feb7318f,1f7e24f1a68d0020567af2966c4ac1472335c85d59d08526c3a0174bdebdc65b,"[0.9902533888816833,0.9350267052650452,0.9782399535179138,1.0344125032424927,1.0337810516357422,1.0369462966918945]",fb47b0b45259f79dda2cbbef90a72dadb55aac7d57e32307c6b4977f1e78dc3e,0,0,True,0.6185541761767542,0.4871773897666365,0.7458784663472623,0.7570702945530655,0.7723752613278373,0.4289507775471584,0.2830672245834625,0.5016209938727749,0.3502718015789325,0.24539527592717944,0.3616088923723681,1.8561576354679803,0.38432148004155914,0.23787001887692658,0.25589910496338486,0.3840520748576078,0.2641319285387082,0.1521612920251227,0.15675675675675677,0.23783783783783785
cap50,50,0,42000,mh_xycons1_nocons,mh_xycons1_nocons,strat_hmm_pretext_mh_k6810_xycons1_nocons_topblock1_distill_v1,${SEIS_SSL_CLUSTER_ARTIFACT_ROOT}/lithology/f3/facies_benchmark_v1/voxel_label_budget_v1/original_split/datasets/budget=cap50/subsample_seed=0/voxel_supervision,942b1e3fa4179568800807b7ce5db3fb935a60019bf4c4b1ac1ca3acb12980bd,2987a70f438bf8a11ce92ec138d0b82823c12bd9aec7d98b979d19bdaa82f3a0,30451c3f13bfc104aacc78b1a2ba7074da453398bcbbbf5b9975ae131b9e3805,20520,470136,56ca3f96050433fbad04fe98b29b2cd441a3526e12940b7a9b445a26952f78c1,3bfeb8db8a47420ae7671db90a7e4d6e5a07fceba27648ec76213df3c2b38fd7,b3d59424338848e580272b30661015ad2beb8d5891a191aba25d95d45489fbd6,uniform_tiles_with_replacement,440,65f4176b8ed733e3b66580a0dd656b154fb0f15dac594ca565d72e4ca3022d9f,0f455c8d13fbf38876361854a76f3b7268d736d57dd1080c5f37323025fa3c1d,8e62afe65636cfdd8d49029721a3646320d0c193ac5aa17f71d6e9e0e5c2739f,97888cbcea96e90c2c154c241c1bd30d43405557d20135f0cf743bc0a652d5ba,1f7e24f1a68d0020567af2966c4ac1472335c85d59d08526c3a0174bdebdc65b,"[1.0310521125793457,1.0251798629760742,0.9336609244346619,0.9732498526573181,0.97826087474823,1.0707576274871826]",fb47b0b45259f79dda2cbbef90a72dadb55aac7d57e32307c6b4977f1e78dc3e,0,0,True,0.6906025429620849,0.5635525969591065,0.7708083767435762,0.8186652372930386,0.8293861358832292,0.46141817351614584,0.31098953399379636,0.5216017150602078,0.3685592588724571,0.29643150497398923,0.43643333029113807,1.8759933082392304,0.5228797721811872,0.3539859263543474,0.3417412530512612,0.46013018714401954,0.376878612716763,0.23219373219373218,0.34054054054054056,0.4918918918918919
cap50,50,1,42001,mh_xycons1_nocons,mh_xycons1_nocons,strat_hmm_pretext_mh_k6810_xycons1_nocons_topblock1_distill_v1,${SEIS_SSL_CLUSTER_ARTIFACT_ROOT}/lithology/f3/facies_benchmark_v1/voxel_label_budget_v1/original_split/datasets/budget=cap50/subsample_seed=1/voxel_supervision,d4d405a2eec7b6912c977a265c497a8aaeaa0a92d84a18e5d94edf148b6e6469,15fb2e8b6dbe05cbee49fefb3c6fe7e31c246d440c98d6d7e0588009e6edb326,4f2ed47315d08d0fab732be112b4cc045b613a172fd44908cc890c92310ee3f3,20128,470136,56ca3f96050433fbad04fe98b29b2cd441a3526e12940b7a9b445a26952f78c1,3bfeb8db8a47420ae7671db90a7e4d6e5a07fceba27648ec76213df3c2b38fd7,0f6c20a5a876ea6fa72cdb12ede190390681bdf2fd34d2b383e46b848deaa2a2,uniform_tiles_with_replacement,440,8dcc659310999f96dcfe2d150573ffe9b4c0de6cdd4fde5536e7d927282a7c4e,3f473084fc682bfa73a9656c335d9409c0cd09ea2c6aa6ea72ed60de94c35cff,8e62afe65636cfdd8d49029721a3646320d0c193ac5aa17f71d6e9e0e5c2739f,286220023dbe014f834ef794fee52708de28ebb260f1e0cb19d24953977101c5,1f7e24f1a68d0020567af2966c4ac1472335c85d59d08526c3a0174bdebdc65b,"[1.0303030014038086,1.0411752462387085,0.9321107864379883,0.9945646524429321,1.0116605758666992,0.9978187680244446]",fb47b0b45259f79dda2cbbef90a72dadb55aac7d57e32307c6b4977f1e78dc3e,0,0,True,0.6768667926889277,0.5483975253314325,0.7608678336586331,0.8148493201967091,0.8266324356160051,0.4945452137361788,0.34393670797934695,0.5461174348322863,0.3934004571982122,0.2761580108281532,0.3992781231201123,1.820811570912013,0.503523326601479,0.3364725528651042,0.3726606997558991,0.5272579332790887,0.31381499179801725,0.18610946620421284,0.1783783783783784,0.3621621621621622
cap50,50,2,42002,mh_xycons1_nocons,mh_xycons1_nocons,strat_hmm_pretext_mh_k6810_xycons1_nocons_topblock1_distill_v1,${SEIS_SSL_CLUSTER_ARTIFACT_ROOT}/lithology/f3/facies_benchmark_v1/voxel_label_budget_v1/original_split/datasets/budget=cap50/subsample_seed=2/voxel_supervision,2917c3e2bea077da26956303a11c555259245afd66f662b06e11b8f02a8b89b0,e5c2f3fbfd8768c039623bfc077eb8d56608d66f40c612318bcb2aafc183e8ea,b7a22050dd9facc76afc3fac5714e8d76e266d2c564b609f933817f080207280,20184,470136,56ca3f96050433fbad04fe98b29b2cd441a3526e12940b7a9b445a26952f78c1,3bfeb8db8a47420ae7671db90a7e4d6e5a07fceba27648ec76213df3c2b38fd7,2685f4710886616954b976b91329f1fd281323735df87c0e37a5db2f8bc02067,uniform_tiles_with_replacement,440,f9bd59b8fba1a632e1cdf81713f517294cef5f15ba17535b28b8476bc8e766be,a3cdad0b7a37eceb81c879d6f342e810d15a5c7ced99015e001eecab6bfb1179,8e62afe65636cfdd8d49029721a3646320d0c193ac5aa17f71d6e9e0e5c2739f,fdd016ffe32209e71d15ab2e296d3f8605dff46693ca8f6a5b8a5cb62258e329,1f7e24f1a68d0020567af2966c4ac1472335c85d59d08526c3a0174bdebdc65b,"[0.9279999732971191,1.0730462074279785,0.9801864624023438,1.0476486682891846,1.0215609073638916,0.9644495248794556]",fb47b0b45259f79dda2cbbef90a72dadb55aac7d57e32307c6b4977f1e78dc3e,0,0,True,0.6791291240675285,0.5539390799966296,0.7397229090449923,0.8295599571187912,0.8366106318842801,0.46328943890381,0.3087530990988901,0.5276430607953416,0.36836146230841793,0.2891239949217097,0.41244181125687684,1.7865791093782064,0.5459840787004078,0.37550075669901184,0.44914564686737185,0.646460537021969,0.26469373709566413,0.15253430633774887,0.13513513513513514,0.2594594594594595
cap50,50,3,42003,mh_xycons1_nocons,mh_xycons1_nocons,strat_hmm_pretext_mh_k6810_xycons1_nocons_topblock1_distill_v1,${SEIS_SSL_CLUSTER_ARTIFACT_ROOT}/lithology/f3/facies_benchmark_v1/voxel_label_budget_v1/original_split/datasets/budget=cap50/subsample_seed=3/voxel_supervision,5803175bef22a11d4b22323d53b05ede1b739ae57988768d5aa3e80bbfcaf68c,10116802c94b3943fe4b8fffefa7dd317fd8ce08e906bfbef174e636f2ccc025,69f73e71a64bdaa1c5434a1b575c22bfc841841e62d8bfd88c3ec891cba2d8df,20192,470136,56ca3f96050433fbad04fe98b29b2cd441a3526e12940b7a9b445a26952f78c1,3bfeb8db8a47420ae7671db90a7e4d6e5a07fceba27648ec76213df3c2b38fd7,19196495f76624a220aef65a234a655353f421d2eaf831ce7a499a68f8a1775c,uniform_tiles_with_replacement,440,b58b5212ad7ed1cf144c5cca5075bfd5906e90ce86e95fc8c545e30a3b61f9cb,00c70d8a3a0c188a95672691acab36e4530e62d58ea100b3606c70bb31cb408f,8e62afe65636cfdd8d49029721a3646320d0c193ac5aa17f71d6e9e0e5c2739f,7132e72cb809a1225c9749d6b2984b0c2a758917ed8558931fee4e6d60b1fe7b,1f7e24f1a68d0020567af2966c4ac1472335c85d59d08526c3a0174bdebdc65b,"[0.9825790524482727,1.0377222299575806,0.9455839395523071,0.9863227605819702,1.028839349746704,1.0253909826278687]",fb47b0b45259f79dda2cbbef90a72dadb55aac7d57e32307c6b4977f1e78dc3e,0,0,True,0.7111666697691442,0.5849713163029712,0.8109635084643725,0.8306617659570847,0.8430110194453364,0.4668652310841052,0.3246216293745611,0.5299037567746202,0.38565512163989796,0.2946166259775727,0.4167666652873753,1.76131850675139,0.5367032627979328,0.3667767781838628,0.31570382424735555,0.47192839707078926,0.40327820437093914,0.2525663553130491,0.1945945945945946,0.34594594594594597
cap50,50,4,42004,mh_xycons1_nocons,mh_xycons1_nocons,strat_hmm_pretext_mh_k6810_xycons1_nocons_topblock1_distill_v1,${SEIS_SSL_CLUSTER_ARTIFACT_ROOT}/lithology/f3/facies_benchmark_v1/voxel_label_budget_v1/original_split/datasets/budget=cap50/subsample_seed=4/voxel_supervision,97c706fded9e5a93c382cbe2831ba121efa927e1bdee47996297863cff48ca4b,1145582b0586c502bc29810abb0486ded069eadd4400e127b5a5c78429fe112f,37ef1d7da36ac68f6f6464df6e89ee2bed19a75c6af6f3db6b1e81d15e9d6849,19904,470136,56ca3f96050433fbad04fe98b29b2cd441a3526e12940b7a9b445a26952f78c1,3bfeb8db8a47420ae7671db90a7e4d6e5a07fceba27648ec76213df3c2b38fd7,43b7946aacd6ee882d523f717f81031c848bcf9f54c0768bb4e124ece8aacbd9,uniform_tiles_with_replacement,440,6f1bc39f901aca8af80f586b94a2ebcb98be6af757bcd2daa560613ffa7c5e52,bc4237b5eb99e724891287a83ac97e7a96cb725e733cca1aca81c2dae54c9c0d,8e62afe65636cfdd8d49029721a3646320d0c193ac5aa17f71d6e9e0e5c2739f,bfe40af01f4013aba14ab450294e249061cf5054e7e752c069e0090ec921d526,1f7e24f1a68d0020567af2966c4ac1472335c85d59d08526c3a0174bdebdc65b,"[0.9884783625602722,1.030227780342102,0.9858345985412598,1.0022155046463013,1.005252480506897,0.9893627762794495]",fb47b0b45259f79dda2cbbef90a72dadb55aac7d57e32307c6b4977f1e78dc3e,0,0,True,0.6829324440685206,0.5509848589660232,0.7707550044046698,0.812830755355897,0.8199315068308602,0.45533167024860205,0.30262901456947844,0.5198809414294333,0.3619628064387587,0.2631331882388085,0.37767251312251954,1.8363841807909604,0.5563537863620304,0.3853809756893457,0.34906427990235966,0.49308380797396256,0.3862396508568128,0.2393413935730194,0.2,0.32432432432432434
cap100,100,0,42000,mh_xycons1_nocons,mh_xycons1_nocons,strat_hmm_pretext_mh_k6810_xycons1_nocons_topblock1_distill_v1,${SEIS_SSL_CLUSTER_ARTIFACT_ROOT}/lithology/f3/facies_benchmark_v1/voxel_label_budget_v1/original_split/datasets/budget=cap100/subsample_seed=0/voxel_supervision,23a24e715ab3ce6c83d729fe2363d5992e2934d8a2206214ad984185abfb5cbb,02e81d8bc3eda96fb92ad57a00f0d5054cfa49c7cde0b97ff70354d9c5137a61,53cb0dfa6db023d370763f541b47cf5df5226c426de2e6a55d146553fbd10eee,40504,470136,56ca3f96050433fbad04fe98b29b2cd441a3526e12940b7a9b445a26952f78c1,3bfeb8db8a47420ae7671db90a7e4d6e5a07fceba27648ec76213df3c2b38fd7,b3d59424338848e580272b30661015ad2beb8d5891a191aba25d95d45489fbd6,uniform_tiles_with_replacement,440,1aa08564dcfa1a9e3b04397e4feec448422b6352b4c2a0abf01c802261bae5d9,9d0028f599b857fa2bc49b42b66d11d3d6b7814fcd0a34d179df98d66abc6920,8e62afe65636cfdd8d49029721a3646320d0c193ac5aa17f71d6e9e0e5c2739f,fbb3623fb7b890a2fad4424bf6bc70756fe912a5affcc0c89a2355f4842dd159,1f7e24f1a68d0020567af2966c4ac1472335c85d59d08526c3a0174bdebdc65b,"[0.954157829284668,1.014985203742981,0.980061948299408,1.0377658605575562,1.0032198429107666,1.0142227411270142]",fb47b0b45259f79dda2cbbef90a72dadb55aac7d57e32307c6b4977f1e78dc3e,0,0,True,0.7449070397739265,0.6254956750340298,0.8332951989744398,0.8581942246498886,0.8685395731313803,0.5075996175721023,0.3505324920091017,0.5783197062232067,0.4207951927962974,0.35648320702364683,0.47219116246324594,1.6207682862655675,0.5545005799368813,0.38360484427774355,0.5756712774613507,0.7262001627339301,0.4681676363942997,0.3056258945282396,0.34054054054054056,0.5081081081081081
cap100,100,1,42001,mh_xycons1_nocons,mh_xycons1_nocons,strat_hmm_pretext_mh_k6810_xycons1_nocons_topblock1_distill_v1,${SEIS_SSL_CLUSTER_ARTIFACT_ROOT}/lithology/f3/facies_benchmark_v1/voxel_label_budget_v1/original_split/datasets/budget=cap100/subsample_seed=1/voxel_supervision,14c4fdfe83a1af3168e8b8901b8bc51bb24075da24fff382166311954914894e,5174cc1e838694fcf1e3d84dec1c68150f5b43c44c023e7b390b7230b632e049,1f5586e90fe98c968c1db936c172f6aa04d5f932fe41b1f6366b10c22f02a7bf,40320,470136,56ca3f96050433fbad04fe98b29b2cd441a3526e12940b7a9b445a26952f78c1,3bfeb8db8a47420ae7671db90a7e4d6e5a07fceba27648ec76213df3c2b38fd7,0f6c20a5a876ea6fa72cdb12ede190390681bdf2fd34d2b383e46b848deaa2a2,uniform_tiles_with_replacement,440,d16d0df5105cf606cd6edfc4b050010111a53ad75837889d30d19d533c61c4bd,c88645452f149896b73bd9ccf601387699e204c9b3a6e91181cd5fe260d6e0ca,8e62afe65636cfdd8d49029721a3646320d0c193ac5aa17f71d6e9e0e5c2739f,c34c83b28d37f9a6322aefe258db2e6d55ca1087f202f187b3f1e8f65e3a7d56,1f7e24f1a68d0020567af2966c4ac1472335c85d59d08526c3a0174bdebdc65b,"[0.9886714816093445,1.0425069332122803,0.9322974681854248,1.0240780115127563,1.0041841268539429,1.0158730745315552]",fb47b0b45259f79dda2cbbef90a72dadb55aac7d57e32307c6b4977f1e78dc3e,0,0,True,0.7205474205570866,0.6096800436873938,0.7475049343975565,0.8619080436299283,0.8712128198667016,0.4772690482825113,0.33118378364722606,0.5410339412639723,0.39549035852506337,0.3490189822938268,0.4959855372999415,1.7647941680960548,0.5832162343498791,0.4116480217305837,0.3270951993490643,0.4727420667209113,0.3003341687552214,0.17670189235684444,0.15135135135135136,0.23243243243243245
cap100,100,2,42002,mh_xycons1_nocons,mh_xycons1_nocons,strat_hmm_pretext_mh_k6810_xycons1_nocons_topblock1_distill_v1,${SEIS_SSL_CLUSTER_ARTIFACT_ROOT}/lithology/f3/facies_benchmark_v1/voxel_label_budget_v1/original_split/datasets/budget=cap100/subsample_seed=2/voxel_supervision,12a37b68c6afb085d57969ed510b38d47d1bcc895e074b8a8d45f540dfb53cdf,7581b51326f8de81a2cc0cd0b83507331b546649a63c1f4b1ad48fec16db9674,87e11b5e4e7f187a4e278384fbe9139d0cdb1fb1cade64a5cd74a0dc6f95cc02,40520,470136,56ca3f96050433fbad04fe98b29b2cd441a3526e12940b7a9b445a26952f78c1,3bfeb8db8a47420ae7671db90a7e4d6e5a07fceba27648ec76213df3c2b38fd7,2685f4710886616954b976b91329f1fd281323735df87c0e37a5db2f8bc02067,uniform_tiles_with_replacement,440,030c8aac43996fc4e1ab3b3fd96400204e1442a9ec1a0532ab52b9d3173b2221,ca1f74e8284ac0799e1a98fff00be0eff3abdc445afa7ec3e23e6209c11c6d48,8e62afe65636cfdd8d49029721a3646320d0c193ac5aa17f71d6e9e0e5c2739f,c8af96e1b65dfae901a338e64694cf53b89b55aa321a311f0f70f4b28ec98965,1f7e24f1a68d0020567af2966c4ac1472335c85d59d08526c3a0174bdebdc65b,"[0.9969491362571716,1.027122974395752,0.9797378778457642,0.994892954826355,1.009617805480957,0.9929912090301514]",fb47b0b45259f79dda2cbbef90a72dadb55aac7d57e32307c6b4977f1e78dc3e,0,0,True,0.7552689049756122,0.6391740114701258,0.8148411955598546,0.8808302278489628,0.8852733114524187,0.5113163640446201,0.3526967720930467,0.5822364096754241,0.42253370036652,0.3467513773762843,0.5024073062987046,1.8164394388460778,0.6202006828792419,0.44948615003913844,0.3974776240846216,0.5512611879576892,0.4379370629370629,0.28035814213766086,0.2594594594594595,0.3891891891891892
cap100,100,3,42003,mh_xycons1_nocons,mh_xycons1_nocons,strat_hmm_pretext_mh_k6810_xycons1_nocons_topblock1_distill_v1,${SEIS_SSL_CLUSTER_ARTIFACT_ROOT}/lithology/f3/facies_benchmark_v1/voxel_label_budget_v1/original_split/datasets/budget=cap100/subsample_seed=3/voxel_supervision,c22f466bd6ea2bb3276e4ca1684360095fd6d09ee622b8a00e3707e98984c76b,89c28eaf7bd853ef5f2d9d3e7b88d568c4ca5c28c62e2126af4d51dba83cb9a7,cc2c8a4af74839e7671ee743599cc0c48b39e4a134f9f05910e5ee9b13951afd,40672,470136,56ca3f96050433fbad04fe98b29b2cd441a3526e12940b7a9b445a26952f78c1,3bfeb8db8a47420ae7671db90a7e4d6e5a07fceba27648ec76213df3c2b38fd7,19196495f76624a220aef65a234a655353f421d2eaf831ce7a499a68f8a1775c,uniform_tiles_with_replacement,440,ddd12c9940bb34c2a4f859e762d04a8b30b985463260d61ad4d881d9915563b7,5c705294a1d682e9a41626f5e9ec7cd3043b3d6aa203d2a023692f231fc6c58f,8e62afe65636cfdd8d49029721a3646320d0c193ac5aa17f71d6e9e0e5c2739f,81368a1370c6eedb784667c07b2e902bdadf2520b8416aa73b7d47e1946933da,1f7e24f1a68d0020567af2966c4ac1472335c85d59d08526c3a0174bdebdc65b,"[0.9609677791595459,1.042551040649414,0.9638371467590332,1.0169017314910889,1.0305057764053345,0.991178035736084]",fb47b0b45259f79dda2cbbef90a72dadb55aac7d57e32307c6b4977f1e78dc3e,0,0,True,0.7684179901633691,0.6534694415753125,0.8588567293206433,0.8804112001633569,0.887908874476871,0.5312191873274755,0.3731490967419772,0.599274554185096,0.44236435537753255,0.37951747907434763,0.5270310192023634,1.7542974588938713,0.6072702784026593,0.43602880658436216,0.4869812855980472,0.6310008136696501,0.4884070586373348,0.3231075280075385,0.24864864864864866,0.41081081081081083
cap100,100,4,42004,mh_xycons1_nocons,mh_xycons1_nocons,strat_hmm_pretext_mh_k6810_xycons1_nocons_topblock1_distill_v1,${SEIS_SSL_CLUSTER_ARTIFACT_ROOT}/lithology/f3/facies_benchmark_v1/voxel_label_budget_v1/original_split/datasets/budget=cap100/subsample_seed=4/voxel_supervision,6d6503665d7aca5b514e710ee1d74be4b4c1d17fab032bfbf4fe093208163b5d,8122c98b6ed73066587e88840d50441e0e67952e182240cc56470b3ab7077492,f9ef554e8c4f2f2df77902bedc19bf573190d61faf73c36287343ba3d5eb8fa9,40616,470136,56ca3f96050433fbad04fe98b29b2cd441a3526e12940b7a9b445a26952f78c1,3bfeb8db8a47420ae7671db90a7e4d6e5a07fceba27648ec76213df3c2b38fd7,43b7946aacd6ee882d523f717f81031c848bcf9f54c0768bb4e124ece8aacbd9,uniform_tiles_with_replacement,440,cf2652c49ae4e304be347a292f18dfff1cfb70fe5c137f4202c32b392ba0c836,75b1a9c8a190aeb8e7a56fb48a7187c1067e8f148db930c1d77feb504d1ab411,8e62afe65636cfdd8d49029721a3646320d0c193ac5aa17f71d6e9e0e5c2739f,c7fa5c74e2d094903b5f81ca2f2000c701e1739d51bb1e33894ffeeab432e5c0,1f7e24f1a68d0020567af2966c4ac1472335c85d59d08526c3a0174bdebdc65b,"[0.9864956736564636,1.020246148109436,0.9555806517601013,1.0297130346298218,0.9730247855186462,1.0407954454421997]",fb47b0b45259f79dda2cbbef90a72dadb55aac7d57e32307c6b4977f1e78dc3e,0,0,True,0.7442296271655194,0.6282644924823516,0.8348185520962956,0.8693165381932036,0.8788147957042192,0.5171880110178778,0.35943617404049405,0.5875332122845761,0.43208604840209003,0.36328086812005084,0.504741421448822,1.7352314545806702,0.5703997976461486,0.39899252721633605,0.42799023596419855,0.5740439381611065,0.43995593095850166,0.282015065913371,0.13513513513513514,0.2648648648648649
cap25,25,0,42000,m1_current_k6,Current K6,strat_hmm_pretext_m1_current_k6_topblock1_distill_v1,${SEIS_SSL_CLUSTER_ARTIFACT_ROOT}/lithology/f3/facies_benchmark_v1/voxel_label_budget_v1/original_split/datasets/budget=cap25/subsample_seed=0/voxel_supervision,38a576769ca8b6ca45fc23e4d4fefe492d550ff26a8f2154ab9f0525751618ff,9f67456c82dc0269ba7ce7aed9531c46ff45a2206d085e82e22d9f9bceb241de,0209d6e10db0bf6df8148a4e86e5bbc0c6b2d494b923bef463a31a2db01268e4,10024,470136,56ca3f96050433fbad04fe98b29b2cd441a3526e12940b7a9b445a26952f78c1,3bfeb8db8a47420ae7671db90a7e4d6e5a07fceba27648ec76213df3c2b38fd7,b3d59424338848e580272b30661015ad2beb8d5891a191aba25d95d45489fbd6,uniform_tiles_with_replacement,440,d4bb87af1c3ebd4321dac67ea82b9e61de44fd1af605876f14326b3316c9b61b,ee8b1df9dda450609dd9ee3569b2e1b605ec7154f60e2c1550171cc5d4cae010,8e62afe65636cfdd8d49029721a3646320d0c193ac5aa17f71d6e9e0e5c2739f,f0105eb8ed6fc9b93b59447de897415137e1cd6670858d0516f317670c5b87da,1f7e24f1a68d0020567af2966c4ac1472335c85d59d08526c3a0174bdebdc65b,"[0.9673808217048645,1.1056694984436035,0.979863166809082,0.9815902709960938,1.0435144901275635,0.9396325349807739]",fb47b0b45259f79dda2cbbef90a72dadb55aac7d57e32307c6b4977f1e78dc3e,0,0,True,0.5347990668766173,0.41691158994816496,0.6501639464428189,0.6697572617285211,0.708437440971096,0.348415363427556,0.22214110567136616,0.40198134540801855,0.26699932876669286,0.1984205944534262,0.2874020644198483,1.7892687148420596,0.32725298269814945,0.19563806081448598,0.26200162733930027,0.35923515052888527,0.11132357056244753,0.05894263772625133,0.2810810810810811,0.43243243243243246
cap25,25,1,42001,m1_current_k6,Current K6,strat_hmm_pretext_m1_current_k6_topblock1_distill_v1,${SEIS_SSL_CLUSTER_ARTIFACT_ROOT}/lithology/f3/facies_benchmark_v1/voxel_label_budget_v1/original_split/datasets/budget=cap25/subsample_seed=1/voxel_supervision,8176a01429c2f42ed120248cc1ae3e8079ebaa403eb86243a7d28e02da1e4733,47a002737903bb827f77e61ea6f6de95d64d69db1ad33575eadb0a344e5d3d75,8545b4fc984e021aac14edc46a754f68b2e1af967bf276de1dbbd425a05089a4,10152,470136,56ca3f96050433fbad04fe98b29b2cd441a3526e12940b7a9b445a26952f78c1,3bfeb8db8a47420ae7671db90a7e4d6e5a07fceba27648ec76213df3c2b38fd7,0f6c20a5a876ea6fa72cdb12ede190390681bdf2fd34d2b383e46b848deaa2a2,uniform_tiles_with_replacement,440,1c350b575bd180d926591291454f319cfec4a640a9f1b78f1298ab897da9b445,509d5d2b2dd983b580cabb2d7e48d3d0b250513d0f39a5b27b981fe539f728fa,8e62afe65636cfdd8d49029721a3646320d0c193ac5aa17f71d6e9e0e5c2739f,3d93bfb300b6db5d636019d5452de1347aef11946b150fce15d7ce09342ec296,1f7e24f1a68d0020567af2966c4ac1472335c85d59d08526c3a0174bdebdc65b,"[1.0298235416412354,0.9532394409179688,0.9679633975028992,1.0528936386108398,1.0335980653762817,0.9712973833084106]",fb47b0b45259f79dda2cbbef90a72dadb55aac7d57e32307c6b4977f1e78dc3e,0,0,True,0.5928872466369924,0.4778890071399262,0.6379547340000981,0.7652487790766928,0.785519670463452,0.38835172581440863,0.25350626612955096,0.43900426474188864,0.29935096979106385,0.20189274447949526,0.32781993349816696,2.034330299089727,0.41841377464537427,0.2645532490974729,0.1647681041497152,0.31366965012205045,0.05598562344484379,0.028798976036407596,0.043243243243243246,0.0918918918918919
cap25,25,2,42002,m1_current_k6,Current K6,strat_hmm_pretext_m1_current_k6_topblock1_distill_v1,${SEIS_SSL_CLUSTER_ARTIFACT_ROOT}/lithology/f3/facies_benchmark_v1/voxel_label_budget_v1/original_split/datasets/budget=cap25/subsample_seed=2/voxel_supervision,0967dc394725015586a31a6755dc25c0a8216bb3e6d9713f533d73bec3eb628e,3de7729ce46db1b9c5815708d333d0bd26e9bbbfc36f620b9af987d8a8b0b556,1b6bafccb104eb6ca695df069c80cfab37eba4941ff959be0e101d7079ffdc93,10024,470136,56ca3f96050433fbad04fe98b29b2cd441a3526e12940b7a9b445a26952f78c1,3bfeb8db8a47420ae7671db90a7e4d6e5a07fceba27648ec76213df3c2b38fd7,2685f4710886616954b976b91329f1fd281323735df87c0e37a5db2f8bc02067,uniform_tiles_with_replacement,440,809fbd5c563acef3e6fa6799b400d7e7d9016168108e54af552517fa76fcef41,b3ccf605a13ccedc0854624616237f9439fc99b6e0e733fdec2b3feccc7f614f,8e62afe65636cfdd8d49029721a3646320d0c193ac5aa17f71d6e9e0e5c2739f,6f3277a60b8b88d4afd6d3255d2c4913bd3252f8417d66e8dc75487553e4cf94,1f7e24f1a68d0020567af2966c4ac1472335c85d59d08526c3a0174bdebdc65b,"[0.9833235144615173,0.9844824075698853,1.017458438873291,0.987975537776947,0.9986053109169006,1.0300041437149048]",fb47b0b45259f79dda2cbbef90a72dadb55aac7d57e32307c6b4977f1e78dc3e,0,0,True,0.5673827816903189,0.42673139089191797,0.6644103102238338,0.681234791634761,0.7004386896817881,0.4608605965963713,0.3084594079373753,0.5165236543533751,0.3590022701880165,0.19862318641836482,0.2743205068429281,1.7134573085382923,0.34770864807947627,0.21044027596907816,0.45077298616761596,0.5919446704637917,0.2870701727088844,0.16759015351076392,0.21621621621621623,0.3783783783783784
cap25,25,3,42003,m1_current_k6,Current K6,strat_hmm_pretext_m1_current_k6_topblock1_distill_v1,${SEIS_SSL_CLUSTER_ARTIFACT_ROOT}/lithology/f3/facies_benchmark_v1/voxel_label_budget_v1/original_split/datasets/budget=cap25/subsample_seed=3/voxel_supervision,8ecb7621a5fcfc74cc61a6e4ce2ff4c3ac58b908f55c0e1ac6f6bd41a5770544,a14e663a0f3fef2d136f68e0c6c3eaf53b220ef4f4159485d87865b4bd59a0dd,833fcd11f6841a54d8a34dc5a4de255852d6e6277e9282a90b8bc7e7724c0597,10256,470136,56ca3f96050433fbad04fe98b29b2cd441a3526e12940b7a9b445a26952f78c1,3bfeb8db8a47420ae7671db90a7e4d6e5a07fceba27648ec76213df3c2b38fd7,19196495f76624a220aef65a234a655353f421d2eaf831ce7a499a68f8a1775c,uniform_tiles_with_replacement,440,d0ee01de78142ffd861f63e25a62c63cef903d28e2dace64aa086a99c4c64263,15e9a842cdc1e6bd3bfd9555a319a19987d13021027fc21855d9bafd923a0cd6,8e62afe65636cfdd8d49029721a3646320d0c193ac5aa17f71d6e9e0e5c2739f,e8d02e9373bf20d3dac3cb7da6949c77047989d16235f39d03c7c07d21435774,1f7e24f1a68d0020567af2966c4ac1472335c85d59d08526c3a0174bdebdc65b,"[0.9684607982635498,1.1216098070144653,0.9544016122817993,0.9544016122817993,1.0253949165344238,0.9949553608894348]",fb47b0b45259f79dda2cbbef90a72dadb55aac7d57e32307c6b4977f1e78dc3e,0,0,True,0.6353409723489784,0.508732257910579,0.7662825707599548,0.7708748106930761,0.7923194194621165,0.4312259852936386,0.2844042241493497,0.4913710410453689,0.3390077388182378,0.22831909656869842,0.34088605762270163,1.8961562964535994,0.4650159415002459,0.30294512762219694,0.2676973148901546,0.4239218877135883,0.20134819281189661,0.11194395269125014,0.1783783783783784,0.2918918918918919
cap25,25,4,42004,m1_current_k6,Current K6,strat_hmm_pretext_m1_current_k6_topblock1_distill_v1,${SEIS_SSL_CLUSTER_ARTIFACT_ROOT}/lithology/f3/facies_benchmark_v1/voxel_label_budget_v1/original_split/datasets/budget=cap25/subsample_seed=4/voxel_supervision,a9847c677c793cae6cdb98579e15d4a60b6f6f087808874ec9961cd9d1c7bc3a,e305e99147d893cb5caa330e781f0eabaf2cd7bf45b4414998cfd77cd39ad69e,e960033385e8135007ae226c585ceef3d88bc62efc67c21da0345260d6d8b005,10160,470136,56ca3f96050433fbad04fe98b29b2cd441a3526e12940b7a9b445a26952f78c1,3bfeb8db8a47420ae7671db90a7e4d6e5a07fceba27648ec76213df3c2b38fd7,43b7946aacd6ee882d523f717f81031c848bcf9f54c0768bb4e124ece8aacbd9,uniform_tiles_with_replacement,440,98dda68824fedce53dd91764293cc7038eacc29a12fcfe63ab517a4b701f062b,af11466bf70e13fa7519017bd5fbf5f4950df878e14078305bbc95cbbb1005a8,8e62afe65636cfdd8d49029721a3646320d0c193ac5aa17f71d6e9e0e5c2739f,458e176bbea2421241e48393fa11e028a1ced756fa3df033a9eb0ae6feb7318f,1f7e24f1a68d0020567af2966c4ac1472335c85d59d08526c3a0174bdebdc65b,"[0.9902533888816833,0.9350267052650452,0.9782399535179138,1.0344125032424927,1.0337810516357422,1.0369462966918945]",fb47b0b45259f79dda2cbbef90a72dadb55aac7d57e32307c6b4977f1e78dc3e,0,0,True,0.5935301710327433,0.4626563061409354,0.7366573369254213,0.724415913693059,0.745667805859055,0.4274145132870087,0.27982226100754454,0.49102610696555454,0.3367345864157086,0.1982076963626779,0.2901071867861536,1.838885523924894,0.3327772647383002,0.19959976414672934,0.26688364524003255,0.3950366151342555,0.22045276012283083,0.1238813756571291,0.11351351351351352,0.20540540540540542
cap50,50,0,42000,m1_current_k6,Current K6,strat_hmm_pretext_m1_current_k6_topblock1_distill_v1,${SEIS_SSL_CLUSTER_ARTIFACT_ROOT}/lithology/f3/facies_benchmark_v1/voxel_label_budget_v1/original_split/datasets/budget=cap50/subsample_seed=0/voxel_supervision,942b1e3fa4179568800807b7ce5db3fb935a60019bf4c4b1ac1ca3acb12980bd,2987a70f438bf8a11ce92ec138d0b82823c12bd9aec7d98b979d19bdaa82f3a0,30451c3f13bfc104aacc78b1a2ba7074da453398bcbbbf5b9975ae131b9e3805,20520,470136,56ca3f96050433fbad04fe98b29b2cd441a3526e12940b7a9b445a26952f78c1,3bfeb8db8a47420ae7671db90a7e4d6e5a07fceba27648ec76213df3c2b38fd7,b3d59424338848e580272b30661015ad2beb8d5891a191aba25d95d45489fbd6,uniform_tiles_with_replacement,440,65f4176b8ed733e3b66580a0dd656b154fb0f15dac594ca565d72e4ca3022d9f,0f455c8d13fbf38876361854a76f3b7268d736d57dd1080c5f37323025fa3c1d,8e62afe65636cfdd8d49029721a3646320d0c193ac5aa17f71d6e9e0e5c2739f,97888cbcea96e90c2c154c241c1bd30d43405557d20135f0cf743bc0a652d5ba,1f7e24f1a68d0020567af2966c4ac1472335c85d59d08526c3a0174bdebdc65b,"[1.0310521125793457,1.0251798629760742,0.9336609244346619,0.9732498526573181,0.97826087474823,1.0707576274871826]",fb47b0b45259f79dda2cbbef90a72dadb55aac7d57e32307c6b4977f1e78dc3e,0,0,True,0.6749404664912163,0.5410636650287687,0.7220715766417726,0.7960419963585005,0.8075411409481311,0.4385888664883513,0.29074020636578396,0.5000456045171061,0.3455928262462627,0.26234277402241807,0.3988192008214255,1.9317742973610814,0.536460525651171,0.36655008973356035,0.3681855166802278,0.5044751830756713,0.37289096838224867,0.22917392819797838,0.13513513513513514,0.25405405405405407
cap50,50,1,42001,m1_current_k6,Current K6,strat_hmm_pretext_m1_current_k6_topblock1_distill_v1,${SEIS_SSL_CLUSTER_ARTIFACT_ROOT}/lithology/f3/facies_benchmark_v1/voxel_label_budget_v1/original_split/datasets/budget=cap50/subsample_seed=1/voxel_supervision,d4d405a2eec7b6912c977a265c497a8aaeaa0a92d84a18e5d94edf148b6e6469,15fb2e8b6dbe05cbee49fefb3c6fe7e31c246d440c98d6d7e0588009e6edb326,4f2ed47315d08d0fab732be112b4cc045b613a172fd44908cc890c92310ee3f3,20128,470136,56ca3f96050433fbad04fe98b29b2cd441a3526e12940b7a9b445a26952f78c1,3bfeb8db8a47420ae7671db90a7e4d6e5a07fceba27648ec76213df3c2b38fd7,0f6c20a5a876ea6fa72cdb12ede190390681bdf2fd34d2b383e46b848deaa2a2,uniform_tiles_with_replacement,440,8dcc659310999f96dcfe2d150573ffe9b4c0de6cdd4fde5536e7d927282a7c4e,3f473084fc682bfa73a9656c335d9409c0cd09ea2c6aa6ea72ed60de94c35cff,8e62afe65636cfdd8d49029721a3646320d0c193ac5aa17f71d6e9e0e5c2739f,286220023dbe014f834ef794fee52708de28ebb260f1e0cb19d24953977101c5,1f7e24f1a68d0020567af2966c4ac1472335c85d59d08526c3a0174bdebdc65b,"[1.0303030014038086,1.0411752462387085,0.9321107864379883,0.9945646524429321,1.0116605758666992,0.9978187680244446]",fb47b0b45259f79dda2cbbef90a72dadb55aac7d57e32307c6b4977f1e78dc3e,0,0,True,0.658833957513253,0.5306106712244223,0.7496026169449866,0.7994197423724199,0.8127124396241843,0.44239707409890555,0.2935172819499348,0.5104814776996555,0.3556378910557824,0.2586546685010969,0.3696129104227866,1.7672032193158953,0.4921762138653609,0.3264149421114204,0.32994304312449146,0.467046379170057,0.25142484937306625,0.14378841497485564,0.17297297297297298,0.33513513513513515
cap50,50,2,42002,m1_current_k6,Current K6,strat_hmm_pretext_m1_current_k6_topblock1_distill_v1,${SEIS_SSL_CLUSTER_ARTIFACT_ROOT}/lithology/f3/facies_benchmark_v1/voxel_label_budget_v1/original_split/datasets/budget=cap50/subsample_seed=2/voxel_supervision,2917c3e2bea077da26956303a11c555259245afd66f662b06e11b8f02a8b89b0,e5c2f3fbfd8768c039623bfc077eb8d56608d66f40c612318bcb2aafc183e8ea,b7a22050dd9facc76afc3fac5714e8d76e266d2c564b609f933817f080207280,20184,470136,56ca3f96050433fbad04fe98b29b2cd441a3526e12940b7a9b445a26952f78c1,3bfeb8db8a47420ae7671db90a7e4d6e5a07fceba27648ec76213df3c2b38fd7,2685f4710886616954b976b91329f1fd281323735df87c0e37a5db2f8bc02067,uniform_tiles_with_replacement,440,f9bd59b8fba1a632e1cdf81713f517294cef5f15ba17535b28b8476bc8e766be,a3cdad0b7a37eceb81c879d6f342e810d15a5c7ced99015e001eecab6bfb1179,8e62afe65636cfdd8d49029721a3646320d0c193ac5aa17f71d6e9e0e5c2739f,fdd016ffe32209e71d15ab2e296d3f8605dff46693ca8f6a5b8a5cb62258e329,1f7e24f1a68d0020567af2966c4ac1472335c85d59d08526c3a0174bdebdc65b,"[0.9279999732971191,1.0730462074279785,0.9801864624023438,1.0476486682891846,1.0215609073638916,0.9644495248794556]",fb47b0b45259f79dda2cbbef90a72dadb55aac7d57e32307c6b4977f1e78dc3e,0,0,True,0.6772225180089734,0.5510501440145983,0.7608233620420061,0.8106866949138122,0.8259239619308608,0.4704730575294825,0.31369090513092696,0.5291897666268639,0.3690578397873818,0.26880079497462467,0.3625652127621819,1.663077525450274,0.47893552840124753,0.314868657669619,0.5109845402766476,0.6330349877949553,0.31188710834728534,0.18475488807027488,0.2,0.2972972972972973
cap50,50,3,42003,m1_current_k6,Current K6,strat_hmm_pretext_m1_current_k6_topblock1_distill_v1,${SEIS_SSL_CLUSTER_ARTIFACT_ROOT}/lithology/f3/facies_benchmark_v1/voxel_label_budget_v1/original_split/datasets/budget=cap50/subsample_seed=3/voxel_supervision,5803175bef22a11d4b22323d53b05ede1b739ae57988768d5aa3e80bbfcaf68c,10116802c94b3943fe4b8fffefa7dd317fd8ce08e906bfbef174e636f2ccc025,69f73e71a64bdaa1c5434a1b575c22bfc841841e62d8bfd88c3ec891cba2d8df,20192,470136,56ca3f96050433fbad04fe98b29b2cd441a3526e12940b7a9b445a26952f78c1,3bfeb8db8a47420ae7671db90a7e4d6e5a07fceba27648ec76213df3c2b38fd7,19196495f76624a220aef65a234a655353f421d2eaf831ce7a499a68f8a1775c,uniform_tiles_with_replacement,440,b58b5212ad7ed1cf144c5cca5075bfd5906e90ce86e95fc8c545e30a3b61f9cb,00c70d8a3a0c188a95672691acab36e4530e62d58ea100b3606c70bb31cb408f,8e62afe65636cfdd8d49029721a3646320d0c193ac5aa17f71d6e9e0e5c2739f,7132e72cb809a1225c9749d6b2984b0c2a758917ed8558931fee4e6d60b1fe7b,1f7e24f1a68d0020567af2966c4ac1472335c85d59d08526c3a0174bdebdc65b,"[0.9825790524482727,1.0377222299575806,0.9455839395523071,0.9863227605819702,1.028839349746704,1.0253909826278687]",fb47b0b45259f79dda2cbbef90a72dadb55aac7d57e32307c6b4977f1e78dc3e,0,0,True,0.682994760554909,0.5573897930942494,0.81340260517882,0.8032250242483027,0.8208324014954094,0.46394256168041476,0.316664150936761,0.5270018618379737,0.37673472227483135,0.27495738531090197,0.38256873934632774,1.7301433552886478,0.46526464432508763,0.30315626899758474,0.3746948738812042,0.5443449959316518,0.34102283840533854,0.20556210555517027,0.13513513513513514,0.3027027027027027
cap50,50,4,42004,m1_current_k6,Current K6,strat_hmm_pretext_m1_current_k6_topblock1_distill_v1,${SEIS_SSL_CLUSTER_ARTIFACT_ROOT}/lithology/f3/facies_benchmark_v1/voxel_label_budget_v1/original_split/datasets/budget=cap50/subsample_seed=4/voxel_supervision,97c706fded9e5a93c382cbe2831ba121efa927e1bdee47996297863cff48ca4b,1145582b0586c502bc29810abb0486ded069eadd4400e127b5a5c78429fe112f,37ef1d7da36ac68f6f6464df6e89ee2bed19a75c6af6f3db6b1e81d15e9d6849,19904,470136,56ca3f96050433fbad04fe98b29b2cd441a3526e12940b7a9b445a26952f78c1,3bfeb8db8a47420ae7671db90a7e4d6e5a07fceba27648ec76213df3c2b38fd7,43b7946aacd6ee882d523f717f81031c848bcf9f54c0768bb4e124ece8aacbd9,uniform_tiles_with_replacement,440,6f1bc39f901aca8af80f586b94a2ebcb98be6af757bcd2daa560613ffa7c5e52,bc4237b5eb99e724891287a83ac97e7a96cb725e733cca1aca81c2dae54c9c0d,8e62afe65636cfdd8d49029721a3646320d0c193ac5aa17f71d6e9e0e5c2739f,bfe40af01f4013aba14ab450294e249061cf5054e7e752c069e0090ec921d526,1f7e24f1a68d0020567af2966c4ac1472335c85d59d08526c3a0174bdebdc65b,"[0.9884783625602722,1.030227780342102,0.9858345985412598,1.0022155046463013,1.005252480506897,0.9893627762794495]",fb47b0b45259f79dda2cbbef90a72dadb55aac7d57e32307c6b4977f1e78dc3e,0,0,True,0.668056591419917,0.5349709344882089,0.742408673956832,0.8036674494188916,0.8125459945580576,0.44663391453915247,0.29479056150520516,0.5149416562319771,0.35738791564840716,0.2575340278609348,0.37903644274138826,1.8572030328559392,0.5566748903508771,0.38568918854755235,0.31163547599674535,0.45931651749389746,0.3491057597521476,0.2114646421564446,0.3783783783783784,0.5891891891891892
cap100,100,0,42000,m1_current_k6,Current K6,strat_hmm_pretext_m1_current_k6_topblock1_distill_v1,${SEIS_SSL_CLUSTER_ARTIFACT_ROOT}/lithology/f3/facies_benchmark_v1/voxel_label_budget_v1/original_split/datasets/budget=cap100/subsample_seed=0/voxel_supervision,23a24e715ab3ce6c83d729fe2363d5992e2934d8a2206214ad984185abfb5cbb,02e81d8bc3eda96fb92ad57a00f0d5054cfa49c7cde0b97ff70354d9c5137a61,53cb0dfa6db023d370763f541b47cf5df5226c426de2e6a55d146553fbd10eee,40504,470136,56ca3f96050433fbad04fe98b29b2cd441a3526e12940b7a9b445a26952f78c1,3bfeb8db8a47420ae7671db90a7e4d6e5a07fceba27648ec76213df3c2b38fd7,b3d59424338848e580272b30661015ad2beb8d5891a191aba25d95d45489fbd6,uniform_tiles_with_replacement,440,1aa08564dcfa1a9e3b04397e4feec448422b6352b4c2a0abf01c802261bae5d9,9d0028f599b857fa2bc49b42b66d11d3d6b7814fcd0a34d179df98d66abc6920,8e62afe65636cfdd8d49029721a3646320d0c193ac5aa17f71d6e9e0e5c2739f,fbb3623fb7b890a2fad4424bf6bc70756fe912a5affcc0c89a2355f4842dd159,1f7e24f1a68d0020567af2966c4ac1472335c85d59d08526c3a0174bdebdc65b,"[0.954157829284668,1.014985203742981,0.980061948299408,1.0377658605575562,1.0032198429107666,1.0142227411270142]",fb47b0b45259f79dda2cbbef90a72dadb55aac7d57e32307c6b4977f1e78dc3e,0,0,True,0.7122011039127742,0.5923365189617932,0.8290673073725712,0.8390954957714364,0.854100771309286,0.49449680497483334,0.34169550225268924,0.5671156643416831,0.41436871088796273,0.33866891322662174,0.4755908304881834,1.7424948722729816,0.5218764272199387,0.35306684558070556,0.4222945484133442,0.5943856794141579,0.380987838173244,0.2353211712402269,0.13513513513513514,0.2
cap100,100,1,42001,m1_current_k6,Current K6,strat_hmm_pretext_m1_current_k6_topblock1_distill_v1,${SEIS_SSL_CLUSTER_ARTIFACT_ROOT}/lithology/f3/facies_benchmark_v1/voxel_label_budget_v1/original_split/datasets/budget=cap100/subsample_seed=1/voxel_supervision,14c4fdfe83a1af3168e8b8901b8bc51bb24075da24fff382166311954914894e,5174cc1e838694fcf1e3d84dec1c68150f5b43c44c023e7b390b7230b632e049,1f5586e90fe98c968c1db936c172f6aa04d5f932fe41b1f6366b10c22f02a7bf,40320,470136,56ca3f96050433fbad04fe98b29b2cd441a3526e12940b7a9b445a26952f78c1,3bfeb8db8a47420ae7671db90a7e4d6e5a07fceba27648ec76213df3c2b38fd7,0f6c20a5a876ea6fa72cdb12ede190390681bdf2fd34d2b383e46b848deaa2a2,uniform_tiles_with_replacement,440,d16d0df5105cf606cd6edfc4b050010111a53ad75837889d30d19d533c61c4bd,c88645452f149896b73bd9ccf601387699e204c9b3a6e91181cd5fe260d6e0ca,8e62afe65636cfdd8d49029721a3646320d0c193ac5aa17f71d6e9e0e5c2739f,c34c83b28d37f9a6322aefe258db2e6d55ca1087f202f187b3f1e8f65e3a7d56,1f7e24f1a68d0020567af2966c4ac1472335c85d59d08526c3a0174bdebdc65b,"[0.9886714816093445,1.0425069332122803,0.9322974681854248,1.0240780115127563,1.0041841268539429,1.0158730745315552]",fb47b0b45259f79dda2cbbef90a72dadb55aac7d57e32307c6b4977f1e78dc3e,0,0,True,0.7216877779770314,0.6018937819487294,0.8003229238228041,0.8485055388228088,0.860597827320172,0.48235689088501,0.33021875513937093,0.5514088801580863,0.39814122685613923,0.3216368767638758,0.47412982126058323,1.8720238095238095,0.5343193898775133,0.36455376852727844,0.40439381611065905,0.6326281529698943,0.4265951928065018,0.2711286954610397,0.14054054054054055,0.32432432432432434
cap100,100,2,42002,m1_current_k6,Current K6,strat_hmm_pretext_m1_current_k6_topblock1_distill_v1,${SEIS_SSL_CLUSTER_ARTIFACT_ROOT}/lithology/f3/facies_benchmark_v1/voxel_label_budget_v1/original_split/datasets/budget=cap100/subsample_seed=2/voxel_supervision,12a37b68c6afb085d57969ed510b38d47d1bcc895e074b8a8d45f540dfb53cdf,7581b51326f8de81a2cc0cd0b83507331b546649a63c1f4b1ad48fec16db9674,87e11b5e4e7f187a4e278384fbe9139d0cdb1fb1cade64a5cd74a0dc6f95cc02,40520,470136,56ca3f96050433fbad04fe98b29b2cd441a3526e12940b7a9b445a26952f78c1,3bfeb8db8a47420ae7671db90a7e4d6e5a07fceba27648ec76213df3c2b38fd7,2685f4710886616954b976b91329f1fd281323735df87c0e37a5db2f8bc02067,uniform_tiles_with_replacement,440,030c8aac43996fc4e1ab3b3fd96400204e1442a9ec1a0532ab52b9d3173b2221,ca1f74e8284ac0799e1a98fff00be0eff3abdc445afa7ec3e23e6209c11c6d48,8e62afe65636cfdd8d49029721a3646320d0c193ac5aa17f71d6e9e0e5c2739f,c8af96e1b65dfae901a338e64694cf53b89b55aa321a311f0f70f4b28ec98965,1f7e24f1a68d0020567af2966c4ac1472335c85d59d08526c3a0174bdebdc65b,"[0.9969491362571716,1.027122974395752,0.9797378778457642,0.994892954826355,1.009617805480957,0.9929912090301514]",fb47b0b45259f79dda2cbbef90a72dadb55aac7d57e32307c6b4977f1e78dc3e,0,0,True,0.7223047661437964,0.5947423843860903,0.8250062682449205,0.8276307281297327,0.8387111820845295,0.5199418851785615,0.36205397707319187,0.5911667064714692,0.4327085928637188,0.3132654821459376,0.45644298775228564,1.842403628117914,0.6001552041905132,0.42872981775344743,0.46541903986981287,0.6395443449959316,0.43104010433648515,0.2747298420615129,0.3027027027027027,0.42162162162162165
cap100,100,3,42003,m1_current_k6,Current K6,strat_hmm_pretext_m1_current_k6_topblock1_distill_v1,${SEIS_SSL_CLUSTER_ARTIFACT_ROOT}/lithology/f3/facies_benchmark_v1/voxel_label_budget_v1/original_split/datasets/budget=cap100/subsample_seed=3/voxel_supervision,c22f466bd6ea2bb3276e4ca1684360095fd6d09ee622b8a00e3707e98984c76b,89c28eaf7bd853ef5f2d9d3e7b88d568c4ca5c28c62e2126af4d51dba83cb9a7,cc2c8a4af74839e7671ee743599cc0c48b39e4a134f9f05910e5ee9b13951afd,40672,470136,56ca3f96050433fbad04fe98b29b2cd441a3526e12940b7a9b445a26952f78c1,3bfeb8db8a47420ae7671db90a7e4d6e5a07fceba27648ec76213df3c2b38fd7,19196495f76624a220aef65a234a655353f421d2eaf831ce7a499a68f8a1775c,uniform_tiles_with_replacement,440,ddd12c9940bb34c2a4f859e762d04a8b30b985463260d61ad4d881d9915563b7,5c705294a1d682e9a41626f5e9ec7cd3043b3d6aa203d2a023692f231fc6c58f,8e62afe65636cfdd8d49029721a3646320d0c193ac5aa17f71d6e9e0e5c2739f,81368a1370c6eedb784667c07b2e902bdadf2520b8416aa73b7d47e1946933da,1f7e24f1a68d0020567af2966c4ac1472335c85d59d08526c3a0174bdebdc65b,"[0.9609677791595459,1.042551040649414,0.9638371467590332,1.0169017314910889,1.0305057764053345,0.991178035736084]",fb47b0b45259f79dda2cbbef90a72dadb55aac7d57e32307c6b4977f1e78dc3e,0,0,True,0.7378352666062674,0.6075814686397422,0.8288736782072679,0.8385233209113958,0.8489879187423484,0.4977743929936321,0.34081507776925374,0.5650387985143086,0.40559202676565675,0.2985358268906837,0.42698570379648426,1.8161035808213635,0.579366338728446,0.4078224770556807,0.44426362896663957,0.6033360455655004,0.5028508368585617,0.33587223587223586,0.25405405405405407,0.40540540540540543
cap100,100,4,42004,m1_current_k6,Current K6,strat_hmm_pretext_m1_current_k6_topblock1_distill_v1,${SEIS_SSL_CLUSTER_ARTIFACT_ROOT}/lithology/f3/facies_benchmark_v1/voxel_label_budget_v1/original_split/datasets/budget=cap100/subsample_seed=4/voxel_supervision,6d6503665d7aca5b514e710ee1d74be4b4c1d17fab032bfbf4fe093208163b5d,8122c98b6ed73066587e88840d50441e0e67952e182240cc56470b3ab7077492,f9ef554e8c4f2f2df77902bedc19bf573190d61faf73c36287343ba3d5eb8fa9,40616,470136,56ca3f96050433fbad04fe98b29b2cd441a3526e12940b7a9b445a26952f78c1,3bfeb8db8a47420ae7671db90a7e4d6e5a07fceba27648ec76213df3c2b38fd7,43b7946aacd6ee882d523f717f81031c848bcf9f54c0768bb4e124ece8aacbd9,uniform_tiles_with_replacement,440,cf2652c49ae4e304be347a292f18dfff1cfb70fe5c137f4202c32b392ba0c836,75b1a9c8a190aeb8e7a56fb48a7187c1067e8f148db930c1d77feb504d1ab411,8e62afe65636cfdd8d49029721a3646320d0c193ac5aa17f71d6e9e0e5c2739f,c7fa5c74e2d094903b5f81ca2f2000c701e1739d51bb1e33894ffeeab432e5c0,1f7e24f1a68d0020567af2966c4ac1472335c85d59d08526c3a0174bdebdc65b,"[0.9864956736564636,1.020246148109436,0.9555806517601013,1.0297130346298218,0.9730247855186462,1.0407954454421997]",fb47b0b45259f79dda2cbbef90a72dadb55aac7d57e32307c6b4977f1e78dc3e,0,0,True,0.7316855503072882,0.6096280369599244,0.7887690997788116,0.8564585566729627,0.8653918240710688,0.5159192439201878,0.3588464824069888,0.5830606570798677,0.42587123354506695,0.3479677660839315,0.4681844202739002,1.6916854778028594,0.5539244849675554,0.38305363669415793,0.4759967453213995,0.6102522375915378,0.4580720586672335,0.2970774744968293,0.41081081081081083,0.5459459459459459
cap25,25,0,42000,mh_nocons,mh_nocons,strat_hmm_pretext_mh_k6810_nocons_topblock1_distill_v1,${SEIS_SSL_CLUSTER_ARTIFACT_ROOT}/lithology/f3/facies_benchmark_v1/voxel_label_budget_v1/original_split/datasets/budget=cap25/subsample_seed=0/voxel_supervision,38a576769ca8b6ca45fc23e4d4fefe492d550ff26a8f2154ab9f0525751618ff,9f67456c82dc0269ba7ce7aed9531c46ff45a2206d085e82e22d9f9bceb241de,0209d6e10db0bf6df8148a4e86e5bbc0c6b2d494b923bef463a31a2db01268e4,10024,470136,56ca3f96050433fbad04fe98b29b2cd441a3526e12940b7a9b445a26952f78c1,3bfeb8db8a47420ae7671db90a7e4d6e5a07fceba27648ec76213df3c2b38fd7,b3d59424338848e580272b30661015ad2beb8d5891a191aba25d95d45489fbd6,uniform_tiles_with_replacement,440,d4bb87af1c3ebd4321dac67ea82b9e61de44fd1af605876f14326b3316c9b61b,ee8b1df9dda450609dd9ee3569b2e1b605ec7154f60e2c1550171cc5d4cae010,8e62afe65636cfdd8d49029721a3646320d0c193ac5aa17f71d6e9e0e5c2739f,f0105eb8ed6fc9b93b59447de897415137e1cd6670858d0516f317670c5b87da,1f7e24f1a68d0020567af2966c4ac1472335c85d59d08526c3a0174bdebdc65b,"[0.9673808217048645,1.1056694984436035,0.979863166809082,0.9815902709960938,1.0435144901275635,0.9396325349807739]",fb47b0b45259f79dda2cbbef90a72dadb55aac7d57e32307c6b4977f1e78dc3e,0,0,True,0.5677751749498587,0.4512398953523658,0.6731585967418819,0.7174774958735345,0.7471717598209625,0.3936667779442982,0.25763103755906236,0.4477865025327117,0.30743781235524514,0.22374512448510916,0.3328108482484599,1.8624315443592552,0.30118290721618496,0.1772897791619479,0.2811228641171684,0.3856794141578519,0.17342617184696002,0.0949461604967382,0.31891891891891894,0.5297297297297298
cap25,25,1,42001,mh_nocons,mh_nocons,strat_hmm_pretext_mh_k6810_nocons_topblock1_distill_v1,${SEIS_SSL_CLUSTER_ARTIFACT_ROOT}/lithology/f3/facies_benchmark_v1/voxel_label_budget_v1/original_split/datasets/budget=cap25/subsample_seed=1/voxel_supervision,8176a01429c2f42ed120248cc1ae3e8079ebaa403eb86243a7d28e02da1e4733,47a002737903bb827f77e61ea6f6de95d64d69db1ad33575eadb0a344e5d3d75,8545b4fc984e021aac14edc46a754f68b2e1af967bf276de1dbbd425a05089a4,10152,470136,56ca3f96050433fbad04fe98b29b2cd441a3526e12940b7a9b445a26952f78c1,3bfeb8db8a47420ae7671db90a7e4d6e5a07fceba27648ec76213df3c2b38fd7,0f6c20a5a876ea6fa72cdb12ede190390681bdf2fd34d2b383e46b848deaa2a2,uniform_tiles_with_replacement,440,1c350b575bd180d926591291454f319cfec4a640a9f1b78f1298ab897da9b445,509d5d2b2dd983b580cabb2d7e48d3d0b250513d0f39a5b27b981fe539f728fa,8e62afe65636cfdd8d49029721a3646320d0c193ac5aa17f71d6e9e0e5c2739f,3d93bfb300b6db5d636019d5452de1347aef11946b150fce15d7ce09342ec296,1f7e24f1a68d0020567af2966c4ac1472335c85d59d08526c3a0174bdebdc65b,"[1.0298235416412354,0.9532394409179688,0.9679633975028992,1.0528936386108398,1.0335980653762817,0.9712973833084106]",fb47b0b45259f79dda2cbbef90a72dadb55aac7d57e32307c6b4977f1e78dc3e,0,0,True,0.5917282633058443,0.45658806180596373,0.6997487139678938,0.7299908962512975,0.7512886542375317,0.38015791357418666,0.24528670861154636,0.43174284644428607,0.28683656005109937,0.17638934560999672,0.2713581058862216,1.9231701405719825,0.41255028638939983,0.2598824283076459,0.34092758340113916,0.5081366965012205,0.20135088497756742,0.11194561701661093,0.2594594594594595,0.42162162162162165
cap25,25,2,42002,mh_nocons,mh_nocons,strat_hmm_pretext_mh_k6810_nocons_topblock1_distill_v1,${SEIS_SSL_CLUSTER_ARTIFACT_ROOT}/lithology/f3/facies_benchmark_v1/voxel_label_budget_v1/original_split/datasets/budget=cap25/subsample_seed=2/voxel_supervision,0967dc394725015586a31a6755dc25c0a8216bb3e6d9713f533d73bec3eb628e,3de7729ce46db1b9c5815708d333d0bd26e9bbbfc36f620b9af987d8a8b0b556,1b6bafccb104eb6ca695df069c80cfab37eba4941ff959be0e101d7079ffdc93,10024,470136,56ca3f96050433fbad04fe98b29b2cd441a3526e12940b7a9b445a26952f78c1,3bfeb8db8a47420ae7671db90a7e4d6e5a07fceba27648ec76213df3c2b38fd7,2685f4710886616954b976b91329f1fd281323735df87c0e37a5db2f8bc02067,uniform_tiles_with_replacement,440,809fbd5c563acef3e6fa6799b400d7e7d9016168108e54af552517fa76fcef41,b3ccf605a13ccedc0854624616237f9439fc99b6e0e733fdec2b3feccc7f614f,8e62afe65636cfdd8d49029721a3646320d0c193ac5aa17f71d6e9e0e5c2739f,6f3277a60b8b88d4afd6d3255d2c4913bd3252f8417d66e8dc75487553e4cf94,1f7e24f1a68d0020567af2966c4ac1472335c85d59d08526c3a0174bdebdc65b,"[0.9833235144615173,0.9844824075698853,1.017458438873291,0.987975537776947,0.9986053109169006,1.0300041437149048]",fb47b0b45259f79dda2cbbef90a72dadb55aac7d57e32307c6b4977f1e78dc3e,0,0,True,0.6142354196860754,0.4809391067728466,0.6921531908218155,0.7655401841169364,0.7714227188157012,0.48117678370354483,0.3304459275323731,0.5364678443666219,0.38261056624051637,0.2527662020405231,0.34530823394165827,1.7163961714523512,0.4257439446366782,0.27044135748197645,0.33645240032546786,0.4406021155410903,0.3008156187784985,0.1770353012321415,0.2648648648648649,0.3783783783783784
cap25,25,3,42003,mh_nocons,mh_nocons,strat_hmm_pretext_mh_k6810_nocons_topblock1_distill_v1,${SEIS_SSL_CLUSTER_ARTIFACT_ROOT}/lithology/f3/facies_benchmark_v1/voxel_label_budget_v1/original_split/datasets/budget=cap25/subsample_seed=3/voxel_supervision,8ecb7621a5fcfc74cc61a6e4ce2ff4c3ac58b908f55c0e1ac6f6bd41a5770544,a14e663a0f3fef2d136f68e0c6c3eaf53b220ef4f4159485d87865b4bd59a0dd,833fcd11f6841a54d8a34dc5a4de255852d6e6277e9282a90b8bc7e7724c0597,10256,470136,56ca3f96050433fbad04fe98b29b2cd441a3526e12940b7a9b445a26952f78c1,3bfeb8db8a47420ae7671db90a7e4d6e5a07fceba27648ec76213df3c2b38fd7,19196495f76624a220aef65a234a655353f421d2eaf831ce7a499a68f8a1775c,uniform_tiles_with_replacement,440,d0ee01de78142ffd861f63e25a62c63cef903d28e2dace64aa086a99c4c64263,15e9a842cdc1e6bd3bfd9555a319a19987d13021027fc21855d9bafd923a0cd6,8e62afe65636cfdd8d49029721a3646320d0c193ac5aa17f71d6e9e0e5c2739f,e8d02e9373bf20d3dac3cb7da6949c77047989d16235f39d03c7c07d21435774,1f7e24f1a68d0020567af2966c4ac1472335c85d59d08526c3a0174bdebdc65b,"[0.9684607982635498,1.1216098070144653,0.9544016122817993,0.9544016122817993,1.0253949165344238,0.9949553608894348]",fb47b0b45259f79dda2cbbef90a72dadb55aac7d57e32307c6b4977f1e78dc3e,0,0,True,0.6535842926193758,0.5228829754084735,0.7795711063949233,0.7921005836608981,0.8073587241022953,0.4331947073713008,0.283926378514328,0.49430771857333244,0.3380893483879696,0.24581561913516412,0.3640124095139607,1.8358585858585859,0.523836150141592,0.3548631476050831,0.37306753458096015,0.5093572009764036,0.24819484455086235,0.1416794806082351,0.16216216216216217,0.23783783783783785
cap25,25,4,42004,mh_nocons,mh_nocons,strat_hmm_pretext_mh_k6810_nocons_topblock1_distill_v1,${SEIS_SSL_CLUSTER_ARTIFACT_ROOT}/lithology/f3/facies_benchmark_v1/voxel_label_budget_v1/original_split/datasets/budget=cap25/subsample_seed=4/voxel_supervision,a9847c677c793cae6cdb98579e15d4a60b6f6f087808874ec9961cd9d1c7bc3a,e305e99147d893cb5caa330e781f0eabaf2cd7bf45b4414998cfd77cd39ad69e,e960033385e8135007ae226c585ceef3d88bc62efc67c21da0345260d6d8b005,10160,470136,56ca3f96050433fbad04fe98b29b2cd441a3526e12940b7a9b445a26952f78c1,3bfeb8db8a47420ae7671db90a7e4d6e5a07fceba27648ec76213df3c2b38fd7,43b7946aacd6ee882d523f717f81031c848bcf9f54c0768bb4e124ece8aacbd9,uniform_tiles_with_replacement,440,98dda68824fedce53dd91764293cc7038eacc29a12fcfe63ab517a4b701f062b,af11466bf70e13fa7519017bd5fbf5f4950df878e14078305bbc95cbbb1005a8,8e62afe65636cfdd8d49029721a3646320d0c193ac5aa17f71d6e9e0e5c2739f,458e176bbea2421241e48393fa11e028a1ced756fa3df033a9eb0ae6feb7318f,1f7e24f1a68d0020567af2966c4ac1472335c85d59d08526c3a0174bdebdc65b,"[0.9902533888816833,0.9350267052650452,0.9782399535179138,1.0344125032424927,1.0337810516357422,1.0369462966918945]",fb47b0b45259f79dda2cbbef90a72dadb55aac7d57e32307c6b4977f1e78dc3e,0,0,True,0.619033508132628,0.4881510803038546,0.7511853426858298,0.7545816529685028,0.7761981614849861,0.3877231874361338,0.24697762323502315,0.4581010290116914,0.306614511366918,0.21288959323824616,0.32085314315900687,1.888660218151883,0.3937462193476339,0.2451332560834299,0.2530512611879577,0.41334418226200165,0.2480674087816945,0.14159643471738076,0.16756756756756758,0.23783783783783785
cap50,50,0,42000,mh_nocons,mh_nocons,strat_hmm_pretext_mh_k6810_nocons_topblock1_distill_v1,${SEIS_SSL_CLUSTER_ARTIFACT_ROOT}/lithology/f3/facies_benchmark_v1/voxel_label_budget_v1/original_split/datasets/budget=cap50/subsample_seed=0/voxel_supervision,942b1e3fa4179568800807b7ce5db3fb935a60019bf4c4b1ac1ca3acb12980bd,2987a70f438bf8a11ce92ec138d0b82823c12bd9aec7d98b979d19bdaa82f3a0,30451c3f13bfc104aacc78b1a2ba7074da453398bcbbbf5b9975ae131b9e3805,20520,470136,56ca3f96050433fbad04fe98b29b2cd441a3526e12940b7a9b445a26952f78c1,3bfeb8db8a47420ae7671db90a7e4d6e5a07fceba27648ec76213df3c2b38fd7,b3d59424338848e580272b30661015ad2beb8d5891a191aba25d95d45489fbd6,uniform_tiles_with_replacement,440,65f4176b8ed733e3b66580a0dd656b154fb0f15dac594ca565d72e4ca3022d9f,0f455c8d13fbf38876361854a76f3b7268d736d57dd1080c5f37323025fa3c1d,8e62afe65636cfdd8d49029721a3646320d0c193ac5aa17f71d6e9e0e5c2739f,97888cbcea96e90c2c154c241c1bd30d43405557d20135f0cf743bc0a652d5ba,1f7e24f1a68d0020567af2966c4ac1472335c85d59d08526c3a0174bdebdc65b,"[1.0310521125793457,1.0251798629760742,0.9336609244346619,0.9732498526573181,0.97826087474823,1.0707576274871826]",fb47b0b45259f79dda2cbbef90a72dadb55aac7d57e32307c6b4977f1e78dc3e,0,0,True,0.7346306652220435,0.6107399419902084,0.7657999835867061,0.8584515969847023,0.864707674832269,0.4815393314244383,0.3300946680487636,0.5402934621914812,0.38711587556269494,0.3259066514880468,0.48940207079741965,1.8994240141781125,0.5692051139521956,0.3978243978243978,0.30919446704637915,0.44426362896663957,0.4521762493283181,0.2921367818087138,0.25405405405405407,0.42702702702702705
cap50,50,1,42001,mh_nocons,mh_nocons,strat_hmm_pretext_mh_k6810_nocons_topblock1_distill_v1,${SEIS_SSL_CLUSTER_ARTIFACT_ROOT}/lithology/f3/facies_benchmark_v1/voxel_label_budget_v1/original_split/datasets/budget=cap50/subsample_seed=1/voxel_supervision,d4d405a2eec7b6912c977a265c497a8aaeaa0a92d84a18e5d94edf148b6e6469,15fb2e8b6dbe05cbee49fefb3c6fe7e31c246d440c98d6d7e0588009e6edb326,4f2ed47315d08d0fab732be112b4cc045b613a172fd44908cc890c92310ee3f3,20128,470136,56ca3f96050433fbad04fe98b29b2cd441a3526e12940b7a9b445a26952f78c1,3bfeb8db8a47420ae7671db90a7e4d6e5a07fceba27648ec76213df3c2b38fd7,0f6c20a5a876ea6fa72cdb12ede190390681bdf2fd34d2b383e46b848deaa2a2,uniform_tiles_with_replacement,440,8dcc659310999f96dcfe2d150573ffe9b4c0de6cdd4fde5536e7d927282a7c4e,3f473084fc682bfa73a9656c335d9409c0cd09ea2c6aa6ea72ed60de94c35cff,8e62afe65636cfdd8d49029721a3646320d0c193ac5aa17f71d6e9e0e5c2739f,286220023dbe014f834ef794fee52708de28ebb260f1e0cb19d24953977101c5,1f7e24f1a68d0020567af2966c4ac1472335c85d59d08526c3a0174bdebdc65b,"[1.0303030014038086,1.0411752462387085,0.9321107864379883,0.9945646524429321,1.0116605758666992,0.9978187680244446]",fb47b0b45259f79dda2cbbef90a72dadb55aac7d57e32307c6b4977f1e78dc3e,0,0,True,0.6718645429668206,0.5445605035658412,0.7633990361754096,0.8085532696921742,0.821415326525534,0.4960722957334389,0.3421918717120726,0.5564842409094756,0.4012928089279218,0.27806635071090047,0.39598104265402845,1.7797778628877825,0.5062555398945059,0.33891709955446603,0.39951179820992677,0.5589910496338486,0.28583802511909917,0.1667508842849924,0.20540540540540542,0.372972972972973
cap50,50,2,42002,mh_nocons,mh_nocons,strat_hmm_pretext_mh_k6810_nocons_topblock1_distill_v1,${SEIS_SSL_CLUSTER_ARTIFACT_ROOT}/lithology/f3/facies_benchmark_v1/voxel_label_budget_v1/original_split/datasets/budget=cap50/subsample_seed=2/voxel_supervision,2917c3e2bea077da26956303a11c555259245afd66f662b06e11b8f02a8b89b0,e5c2f3fbfd8768c039623bfc077eb8d56608d66f40c612318bcb2aafc183e8ea,b7a22050dd9facc76afc3fac5714e8d76e266d2c564b609f933817f080207280,20184,470136,56ca3f96050433fbad04fe98b29b2cd441a3526e12940b7a9b445a26952f78c1,3bfeb8db8a47420ae7671db90a7e4d6e5a07fceba27648ec76213df3c2b38fd7,2685f4710886616954b976b91329f1fd281323735df87c0e37a5db2f8bc02067,uniform_tiles_with_replacement,440,f9bd59b8fba1a632e1cdf81713f517294cef5f15ba17535b28b8476bc8e766be,a3cdad0b7a37eceb81c879d6f342e810d15a5c7ced99015e001eecab6bfb1179,8e62afe65636cfdd8d49029721a3646320d0c193ac5aa17f71d6e9e0e5c2739f,fdd016ffe32209e71d15ab2e296d3f8605dff46693ca8f6a5b8a5cb62258e329,1f7e24f1a68d0020567af2966c4ac1472335c85d59d08526c3a0174bdebdc65b,"[0.9279999732971191,1.0730462074279785,0.9801864624023438,1.0476486682891846,1.0215609073638916,0.9644495248794556]",fb47b0b45259f79dda2cbbef90a72dadb55aac7d57e32307c6b4977f1e78dc3e,0,0,True,0.6746954249655034,0.5542732550998938,0.7144656172814646,0.8234553405822996,0.8350895207719032,0.4511516221452998,0.2981065823403701,0.525923868008357,0.36820608678709094,0.2730328867235079,0.4156881851400731,1.943975621190811,0.5206567482662557,0.35195127814728744,0.32017900732302684,0.49145646867371845,0.25958254269449715,0.14914958569559528,0.1837837837837838,0.35135135135135137
cap50,50,3,42003,mh_nocons,mh_nocons,strat_hmm_pretext_mh_k6810_nocons_topblock1_distill_v1,${SEIS_SSL_CLUSTER_ARTIFACT_ROOT}/lithology/f3/facies_benchmark_v1/voxel_label_budget_v1/original_split/datasets/budget=cap50/subsample_seed=3/voxel_supervision,5803175bef22a11d4b22323d53b05ede1b739ae57988768d5aa3e80bbfcaf68c,10116802c94b3943fe4b8fffefa7dd317fd8ce08e906bfbef174e636f2ccc025,69f73e71a64bdaa1c5434a1b575c22bfc841841e62d8bfd88c3ec891cba2d8df,20192,470136,56ca3f96050433fbad04fe98b29b2cd441a3526e12940b7a9b445a26952f78c1,3bfeb8db8a47420ae7671db90a7e4d6e5a07fceba27648ec76213df3c2b38fd7,19196495f76624a220aef65a234a655353f421d2eaf831ce7a499a68f8a1775c,uniform_tiles_with_replacement,440,b58b5212ad7ed1cf144c5cca5075bfd5906e90ce86e95fc8c545e30a3b61f9cb,00c70d8a3a0c188a95672691acab36e4530e62d58ea100b3606c70bb31cb408f,8e62afe65636cfdd8d49029721a3646320d0c193ac5aa17f71d6e9e0e5c2739f,7132e72cb809a1225c9749d6b2984b0c2a758917ed8558931fee4e6d60b1fe7b,1f7e24f1a68d0020567af2966c4ac1472335c85d59d08526c3a0174bdebdc65b,"[0.9825790524482727,1.0377222299575806,0.9455839395523071,0.9863227605819702,1.028839349746704,1.0253909826278687]",fb47b0b45259f79dda2cbbef90a72dadb55aac7d57e32307c6b4977f1e78dc3e,0,0,True,0.6956513981433639,0.568327830771681,0.7828191149017965,0.822140827335069,0.8321546838979464,0.497324263932912,0.3460559105046203,0.5578817329862785,0.4072572851030285,0.30369198719185214,0.40962925813047335,1.6731964588434733,0.5148319550868674,0.346648957907642,0.41537835638730675,0.5398698128559805,0.381316878856518,0.23557228334298397,0.1945945945945946,0.2918918918918919
cap50,50,4,42004,mh_nocons,mh_nocons,strat_hmm_pretext_mh_k6810_nocons_topblock1_distill_v1,${SEIS_SSL_CLUSTER_ARTIFACT_ROOT}/lithology/f3/facies_benchmark_v1/voxel_label_budget_v1/original_split/datasets/budget=cap50/subsample_seed=4/voxel_supervision,97c706fded9e5a93c382cbe2831ba121efa927e1bdee47996297863cff48ca4b,1145582b0586c502bc29810abb0486ded069eadd4400e127b5a5c78429fe112f,37ef1d7da36ac68f6f6464df6e89ee2bed19a75c6af6f3db6b1e81d15e9d6849,19904,470136,56ca3f96050433fbad04fe98b29b2cd441a3526e12940b7a9b445a26952f78c1,3bfeb8db8a47420ae7671db90a7e4d6e5a07fceba27648ec76213df3c2b38fd7,43b7946aacd6ee882d523f717f81031c848bcf9f54c0768bb4e124ece8aacbd9,uniform_tiles_with_replacement,440,6f1bc39f901aca8af80f586b94a2ebcb98be6af757bcd2daa560613ffa7c5e52,bc4237b5eb99e724891287a83ac97e7a96cb725e733cca1aca81c2dae54c9c0d,8e62afe65636cfdd8d49029721a3646320d0c193ac5aa17f71d6e9e0e5c2739f,bfe40af01f4013aba14ab450294e249061cf5054e7e752c069e0090ec921d526,1f7e24f1a68d0020567af2966c4ac1472335c85d59d08526c3a0174bdebdc65b,"[0.9884783625602722,1.030227780342102,0.9858345985412598,1.0022155046463013,1.005252480506897,0.9893627762794495]",fb47b0b45259f79dda2cbbef90a72dadb55aac7d57e32307c6b4977f1e78dc3e,0,0,True,0.6878590309278483,0.5586505592652907,0.792269739962749,0.8275477734102472,0.836420786843877,0.43816965129915947,0.29030757127620094,0.5053763590631112,0.3496188279967883,0.26447868022519966,0.40256622877842274,1.9184735472679966,0.5452476161181175,0.3748044149363556,0.2969894222945484,0.4816924328722539,0.354943366156298,0.21576361497474222,0.23243243243243245,0.3081081081081081
cap100,100,0,42000,mh_nocons,mh_nocons,strat_hmm_pretext_mh_k6810_nocons_topblock1_distill_v1,${SEIS_SSL_CLUSTER_ARTIFACT_ROOT}/lithology/f3/facies_benchmark_v1/voxel_label_budget_v1/original_split/datasets/budget=cap100/subsample_seed=0/voxel_supervision,23a24e715ab3ce6c83d729fe2363d5992e2934d8a2206214ad984185abfb5cbb,02e81d8bc3eda96fb92ad57a00f0d5054cfa49c7cde0b97ff70354d9c5137a61,53cb0dfa6db023d370763f541b47cf5df5226c426de2e6a55d146553fbd10eee,40504,470136,56ca3f96050433fbad04fe98b29b2cd441a3526e12940b7a9b445a26952f78c1,3bfeb8db8a47420ae7671db90a7e4d6e5a07fceba27648ec76213df3c2b38fd7,b3d59424338848e580272b30661015ad2beb8d5891a191aba25d95d45489fbd6,uniform_tiles_with_replacement,440,1aa08564dcfa1a9e3b04397e4feec448422b6352b4c2a0abf01c802261bae5d9,9d0028f599b857fa2bc49b42b66d11d3d6b7814fcd0a34d179df98d66abc6920,8e62afe65636cfdd8d49029721a3646320d0c193ac5aa17f71d6e9e0e5c2739f,fbb3623fb7b890a2fad4424bf6bc70756fe912a5affcc0c89a2355f4842dd159,1f7e24f1a68d0020567af2966c4ac1472335c85d59d08526c3a0174bdebdc65b,"[0.954157829284668,1.014985203742981,0.980061948299408,1.0377658605575562,1.0032198429107666,1.0142227411270142]",fb47b0b45259f79dda2cbbef90a72dadb55aac7d57e32307c6b4977f1e78dc3e,0,0,True,0.7314489939787544,0.6086660090658057,0.799618681400894,0.855660915139449,0.8629388307212338,0.45051197405252835,0.29895904392537864,0.5302190490528113,0.3724021264143089,0.3128227402152406,0.4763283625307659,1.9527862208713274,0.5459178438280261,0.37543810128666527,0.35028478437754274,0.5337672904800651,0.4641119740547922,0.3021782618359635,0.34594594594594597,0.5513513513513514
cap100,100,1,42001,mh_nocons,mh_nocons,strat_hmm_pretext_mh_k6810_nocons_topblock1_distill_v1,${SEIS_SSL_CLUSTER_ARTIFACT_ROOT}/lithology/f3/facies_benchmark_v1/voxel_label_budget_v1/original_split/datasets/budget=cap100/subsample_seed=1/voxel_supervision,14c4fdfe83a1af3168e8b8901b8bc51bb24075da24fff382166311954914894e,5174cc1e838694fcf1e3d84dec1c68150f5b43c44c023e7b390b7230b632e049,1f5586e90fe98c968c1db936c172f6aa04d5f932fe41b1f6366b10c22f02a7bf,40320,470136,56ca3f96050433fbad04fe98b29b2cd441a3526e12940b7a9b445a26952f78c1,3bfeb8db8a47420ae7671db90a7e4d6e5a07fceba27648ec76213df3c2b38fd7,0f6c20a5a876ea6fa72cdb12ede190390681bdf2fd34d2b383e46b848deaa2a2,uniform_tiles_with_replacement,440,d16d0df5105cf606cd6edfc4b050010111a53ad75837889d30d19d533c61c4bd,c88645452f149896b73bd9ccf601387699e204c9b3a6e91181cd5fe260d6e0ca,8e62afe65636cfdd8d49029721a3646320d0c193ac5aa17f71d6e9e0e5c2739f,c34c83b28d37f9a6322aefe258db2e6d55ca1087f202f187b3f1e8f65e3a7d56,1f7e24f1a68d0020567af2966c4ac1472335c85d59d08526c3a0174bdebdc65b,"[0.9886714816093445,1.0425069332122803,0.9322974681854248,1.0240780115127563,1.0041841268539429,1.0158730745315552]",fb47b0b45259f79dda2cbbef90a72dadb55aac7d57e32307c6b4977f1e78dc3e,0,0,True,0.7122222133542785,0.588858182451732,0.7659765465877953,0.8416862354722888,0.8518122244531312,0.4769279348455164,0.32018855335730195,0.551072497561712,0.3911850420030376,0.3086762075134168,0.4385509838998211,1.7993065470120335,0.5523982999392836,0.3815955037329083,0.5012205044751831,0.6741253051261188,0.38170244902362716,0.23586666666666667,0.2594594594594595,0.33513513513513515
cap100,100,2,42002,mh_nocons,mh_nocons,strat_hmm_pretext_mh_k6810_nocons_topblock1_distill_v1,${SEIS_SSL_CLUSTER_ARTIFACT_ROOT}/lithology/f3/facies_benchmark_v1/voxel_label_budget_v1/original_split/datasets/budget=cap100/subsample_seed=2/voxel_supervision,12a37b68c6afb085d57969ed510b38d47d1bcc895e074b8a8d45f540dfb53cdf,7581b51326f8de81a2cc0cd0b83507331b546649a63c1f4b1ad48fec16db9674,87e11b5e4e7f187a4e278384fbe9139d0cdb1fb1cade64a5cd74a0dc6f95cc02,40520,470136,56ca3f96050433fbad04fe98b29b2cd441a3526e12940b7a9b445a26952f78c1,3bfeb8db8a47420ae7671db90a7e4d6e5a07fceba27648ec76213df3c2b38fd7,2685f4710886616954b976b91329f1fd281323735df87c0e37a5db2f8bc02067,uniform_tiles_with_replacement,440,030c8aac43996fc4e1ab3b3fd96400204e1442a9ec1a0532ab52b9d3173b2221,ca1f74e8284ac0799e1a98fff00be0eff3abdc445afa7ec3e23e6209c11c6d48,8e62afe65636cfdd8d49029721a3646320d0c193ac5aa17f71d6e9e0e5c2739f,c8af96e1b65dfae901a338e64694cf53b89b55aa321a311f0f70f4b28ec98965,1f7e24f1a68d0020567af2966c4ac1472335c85d59d08526c3a0174bdebdc65b,"[0.9969491362571716,1.027122974395752,0.9797378778457642,0.994892954826355,1.009617805480957,0.9929912090301514]",fb47b0b45259f79dda2cbbef90a72dadb55aac7d57e32307c6b4977f1e78dc3e,0,0,True,0.7424342494396909,0.6241698725850752,0.8217916439994486,0.86018088382936,0.8697863639756459,0.5237734381363396,0.3674428867260761,0.5942595057308669,0.43840240936081426,0.34328358208955223,0.49647986482680934,1.8260540744942333,0.5849342145901538,0.41336185258746755,0.4174125305126119,0.6110659072416599,0.4345306050759638,0.2775720857174913,0.22702702702702704,0.3783783783783784
cap100,100,3,42003,mh_nocons,mh_nocons,strat_hmm_pretext_mh_k6810_nocons_topblock1_distill_v1,${SEIS_SSL_CLUSTER_ARTIFACT_ROOT}/lithology/f3/facies_benchmark_v1/voxel_label_budget_v1/original_split/datasets/budget=cap100/subsample_seed=3/voxel_supervision,c22f466bd6ea2bb3276e4ca1684360095fd6d09ee622b8a00e3707e98984c76b,89c28eaf7bd853ef5f2d9d3e7b88d568c4ca5c28c62e2126af4d51dba83cb9a7,cc2c8a4af74839e7671ee743599cc0c48b39e4a134f9f05910e5ee9b13951afd,40672,470136,56ca3f96050433fbad04fe98b29b2cd441a3526e12940b7a9b445a26952f78c1,3bfeb8db8a47420ae7671db90a7e4d6e5a07fceba27648ec76213df3c2b38fd7,19196495f76624a220aef65a234a655353f421d2eaf831ce7a499a68f8a1775c,uniform_tiles_with_replacement,440,ddd12c9940bb34c2a4f859e762d04a8b30b985463260d61ad4d881d9915563b7,5c705294a1d682e9a41626f5e9ec7cd3043b3d6aa203d2a023692f231fc6c58f,8e62afe65636cfdd8d49029721a3646320d0c193ac5aa17f71d6e9e0e5c2739f,81368a1370c6eedb784667c07b2e902bdadf2520b8416aa73b7d47e1946933da,1f7e24f1a68d0020567af2966c4ac1472335c85d59d08526c3a0174bdebdc65b,"[0.9609677791595459,1.042551040649414,0.9638371467590332,1.0169017314910889,1.0305057764053345,0.991178035736084]",fb47b0b45259f79dda2cbbef90a72dadb55aac7d57e32307c6b4977f1e78dc3e,0,0,True,0.7477947592271271,0.6253351330327381,0.8313313906895664,0.8584367076760767,0.8679099350937064,0.5054694631048317,0.34766186136516963,0.572129833244852,0.41392824718422205,0.3325832161275199,0.470042194092827,1.7430680231398363,0.5788999352240404,0.40736043124120574,0.4479251423921888,0.5728234336859235,0.48377208799134513,0.3190629087882031,0.31351351351351353,0.5837837837837838
cap100,100,4,42004,mh_nocons,mh_nocons,strat_hmm_pretext_mh_k6810_nocons_topblock1_distill_v1,${SEIS_SSL_CLUSTER_ARTIFACT_ROOT}/lithology/f3/facies_benchmark_v1/voxel_label_budget_v1/original_split/datasets/budget=cap100/subsample_seed=4/voxel_supervision,6d6503665d7aca5b514e710ee1d74be4b4c1d17fab032bfbf4fe093208163b5d,8122c98b6ed73066587e88840d50441e0e67952e182240cc56470b3ab7077492,f9ef554e8c4f2f2df77902bedc19bf573190d61faf73c36287343ba3d5eb8fa9,40616,470136,56ca3f96050433fbad04fe98b29b2cd441a3526e12940b7a9b445a26952f78c1,3bfeb8db8a47420ae7671db90a7e4d6e5a07fceba27648ec76213df3c2b38fd7,43b7946aacd6ee882d523f717f81031c848bcf9f54c0768bb4e124ece8aacbd9,uniform_tiles_with_replacement,440,cf2652c49ae4e304be347a292f18dfff1cfb70fe5c137f4202c32b392ba0c836,75b1a9c8a190aeb8e7a56fb48a7187c1067e8f148db930c1d77feb504d1ab411,8e62afe65636cfdd8d49029721a3646320d0c193ac5aa17f71d6e9e0e5c2739f,c7fa5c74e2d094903b5f81ca2f2000c701e1739d51bb1e33894ffeeab432e5c0,1f7e24f1a68d0020567af2966c4ac1472335c85d59d08526c3a0174bdebdc65b,"[0.9864956736564636,1.020246148109436,0.9555806517601013,1.0297130346298218,0.9730247855186462,1.0407954454421997]",fb47b0b45259f79dda2cbbef90a72dadb55aac7d57e32307c6b4977f1e78dc3e,0,0,True,0.747931851415153,0.6315971608201031,0.8075348037691001,0.8716286351183488,0.8800656960963384,0.5154360362026508,0.3597804635047126,0.5864208774442509,0.43229064516592103,0.37054286130112063,0.5196720516179111,1.7621359223300972,0.6086107613293906,0.43741229586544916,0.46745321399511797,0.646460537021969,0.42099021642454787,0.26661659782200525,0.2810810810810811,0.43243243243243246
cap25,25,0,42000,mae,MAE,amp_mae_m075_mse_g0_patchnorm_clip8_agc65_vis01_v1,${SEIS_SSL_CLUSTER_ARTIFACT_ROOT}/lithology/f3/facies_benchmark_v1/voxel_label_budget_v1/original_split/datasets/budget=cap25/subsample_seed=0/voxel_supervision,38a576769ca8b6ca45fc23e4d4fefe492d550ff26a8f2154ab9f0525751618ff,9f67456c82dc0269ba7ce7aed9531c46ff45a2206d085e82e22d9f9bceb241de,0209d6e10db0bf6df8148a4e86e5bbc0c6b2d494b923bef463a31a2db01268e4,10024,470136,56ca3f96050433fbad04fe98b29b2cd441a3526e12940b7a9b445a26952f78c1,3bfeb8db8a47420ae7671db90a7e4d6e5a07fceba27648ec76213df3c2b38fd7,b3d59424338848e580272b30661015ad2beb8d5891a191aba25d95d45489fbd6,uniform_tiles_with_replacement,440,d4bb87af1c3ebd4321dac67ea82b9e61de44fd1af605876f14326b3316c9b61b,ee8b1df9dda450609dd9ee3569b2e1b605ec7154f60e2c1550171cc5d4cae010,8e62afe65636cfdd8d49029721a3646320d0c193ac5aa17f71d6e9e0e5c2739f,f0105eb8ed6fc9b93b59447de897415137e1cd6670858d0516f317670c5b87da,1f7e24f1a68d0020567af2966c4ac1472335c85d59d08526c3a0174bdebdc65b,"[0.9673808217048645,1.1056694984436035,0.979863166809082,0.9815902709960938,1.0435144901275635,0.9396325349807739]",fb47b0b45259f79dda2cbbef90a72dadb55aac7d57e32307c6b4977f1e78dc3e,0,0,True,0.5627152546086827,0.42340973697094975,0.5895717615853134,0.7140316844487552,0.7191292718114275,0.37638020293145025,0.23794632310950883,0.4262900529744696,0.27956243032203104,0.20649295452316344,0.3048353875829601,1.8397683397683398,0.35310379046977725,0.2144056124644917,0.25589910496338486,0.37347436940602113,0.32983508245877063,0.19748653500897667,0.2864864864864865,0.42162162162162165
cap25,25,1,42001,mae,MAE,amp_mae_m075_mse_g0_patchnorm_clip8_agc65_vis01_v1,${SEIS_SSL_CLUSTER_ARTIFACT_ROOT}/lithology/f3/facies_benchmark_v1/voxel_label_budget_v1/original_split/datasets/budget=cap25/subsample_seed=1/voxel_supervision,8176a01429c2f42ed120248cc1ae3e8079ebaa403eb86243a7d28e02da1e4733,47a002737903bb827f77e61ea6f6de95d64d69db1ad33575eadb0a344e5d3d75,8545b4fc984e021aac14edc46a754f68b2e1af967bf276de1dbbd425a05089a4,10152,470136,56ca3f96050433fbad04fe98b29b2cd441a3526e12940b7a9b445a26952f78c1,3bfeb8db8a47420ae7671db90a7e4d6e5a07fceba27648ec76213df3c2b38fd7,0f6c20a5a876ea6fa72cdb12ede190390681bdf2fd34d2b383e46b848deaa2a2,uniform_tiles_with_replacement,440,1c350b575bd180d926591291454f319cfec4a640a9f1b78f1298ab897da9b445,509d5d2b2dd983b580cabb2d7e48d3d0b250513d0f39a5b27b981fe539f728fa,8e62afe65636cfdd8d49029721a3646320d0c193ac5aa17f71d6e9e0e5c2739f,3d93bfb300b6db5d636019d5452de1347aef11946b150fce15d7ce09342ec296,1f7e24f1a68d0020567af2966c4ac1472335c85d59d08526c3a0174bdebdc65b,"[1.0298235416412354,0.9532394409179688,0.9679633975028992,1.0528936386108398,1.0335980653762817,0.9712973833084106]",fb47b0b45259f79dda2cbbef90a72dadb55aac7d57e32307c6b4977f1e78dc3e,0,0,True,0.5377328918562964,0.3902387182656673,0.7007437349010104,0.6397063828339034,0.6544360537572128,0.4093240147239561,0.27173110309281584,0.45536056061478875,0.3117420563175241,0.2035395534436017,0.2907794937402906,1.795935470354075,0.37857830165985085,0.23348540484403396,0.2681041497152156,0.39788445890968266,0.23279530728827205,0.13173081095153383,0.11891891891891893,0.24864864864864866
cap25,25,2,42002,mae,MAE,amp_mae_m075_mse_g0_patchnorm_clip8_agc65_vis01_v1,${SEIS_SSL_CLUSTER_ARTIFACT_ROOT}/lithology/f3/facies_benchmark_v1/voxel_label_budget_v1/original_split/datasets/budget=cap25/subsample_seed=2/voxel_supervision,0967dc394725015586a31a6755dc25c0a8216bb3e6d9713f533d73bec3eb628e,3de7729ce46db1b9c5815708d333d0bd26e9bbbfc36f620b9af987d8a8b0b556,1b6bafccb104eb6ca695df069c80cfab37eba4941ff959be0e101d7079ffdc93,10024,470136,56ca3f96050433fbad04fe98b29b2cd441a3526e12940b7a9b445a26952f78c1,3bfeb8db8a47420ae7671db90a7e4d6e5a07fceba27648ec76213df3c2b38fd7,2685f4710886616954b976b91329f1fd281323735df87c0e37a5db2f8bc02067,uniform_tiles_with_replacement,440,809fbd5c563acef3e6fa6799b400d7e7d9016168108e54af552517fa76fcef41,b3ccf605a13ccedc0854624616237f9439fc99b6e0e733fdec2b3feccc7f614f,8e62afe65636cfdd8d49029721a3646320d0c193ac5aa17f71d6e9e0e5c2739f,6f3277a60b8b88d4afd6d3255d2c4913bd3252f8417d66e8dc75487553e4cf94,1f7e24f1a68d0020567af2966c4ac1472335c85d59d08526c3a0174bdebdc65b,"[0.9833235144615173,0.9844824075698853,1.017458438873291,0.987975537776947,0.9986053109169006,1.0300041437149048]",fb47b0b45259f79dda2cbbef90a72dadb55aac7d57e32307c6b4977f1e78dc3e,0,0,True,0.5574717501364956,0.4199155474436213,0.6785095878653337,0.677278489628533,0.6981598721420482,0.4370231310233947,0.2893666884868103,0.4892080364326395,0.3371781161458945,0.21107316930799988,0.2894083997314888,1.700484066155708,0.40837863767189,0.2565802692384971,0.3999186330349878,0.5248169243287225,0.18526728621365846,0.10209067418369744,0.2810810810810811,0.3837837837837838
cap25,25,3,42003,mae,MAE,amp_mae_m075_mse_g0_patchnorm_clip8_agc65_vis01_v1,${SEIS_SSL_CLUSTER_ARTIFACT_ROOT}/lithology/f3/facies_benchmark_v1/voxel_label_budget_v1/original_split/datasets/budget=cap25/subsample_seed=3/voxel_supervision,8ecb7621a5fcfc74cc61a6e4ce2ff4c3ac58b908f55c0e1ac6f6bd41a5770544,a14e663a0f3fef2d136f68e0c6c3eaf53b220ef4f4159485d87865b4bd59a0dd,833fcd11f6841a54d8a34dc5a4de255852d6e6277e9282a90b8bc7e7724c0597,10256,470136,56ca3f96050433fbad04fe98b29b2cd441a3526e12940b7a9b445a26952f78c1,3bfeb8db8a47420ae7671db90a7e4d6e5a07fceba27648ec76213df3c2b38fd7,19196495f76624a220aef65a234a655353f421d2eaf831ce7a499a68f8a1775c,uniform_tiles_with_replacement,440,d0ee01de78142ffd861f63e25a62c63cef903d28e2dace64aa086a99c4c64263,15e9a842cdc1e6bd3bfd9555a319a19987d13021027fc21855d9bafd923a0cd6,8e62afe65636cfdd8d49029721a3646320d0c193ac5aa17f71d6e9e0e5c2739f,e8d02e9373bf20d3dac3cb7da6949c77047989d16235f39d03c7c07d21435774,1f7e24f1a68d0020567af2966c4ac1472335c85d59d08526c3a0174bdebdc65b,"[0.9684607982635498,1.1216098070144653,0.9544016122817993,0.9544016122817993,1.0253949165344238,0.9949553608894348]",fb47b0b45259f79dda2cbbef90a72dadb55aac7d57e32307c6b4977f1e78dc3e,0,0,True,0.6005009672912379,0.4547282436540194,0.7350306360917545,0.7245435363384212,0.7388037645620114,0.42679699828836487,0.27944560218817505,0.4851915889723249,0.32941922254251255,0.21118502649678655,0.29862442214454843,1.759486501793468,0.47339921725610734,0.31010020603109195,0.4641985353946298,0.6358828315703824,0.23892877309026378,0.13567240747526566,0.14054054054054055,0.24324324324324326
cap25,25,4,42004,mae,MAE,amp_mae_m075_mse_g0_patchnorm_clip8_agc65_vis01_v1,${SEIS_SSL_CLUSTER_ARTIFACT_ROOT}/lithology/f3/facies_benchmark_v1/voxel_label_budget_v1/original_split/datasets/budget=cap25/subsample_seed=4/voxel_supervision,a9847c677c793cae6cdb98579e15d4a60b6f6f087808874ec9961cd9d1c7bc3a,e305e99147d893cb5caa330e781f0eabaf2cd7bf45b4414998cfd77cd39ad69e,e960033385e8135007ae226c585ceef3d88bc62efc67c21da0345260d6d8b005,10160,470136,56ca3f96050433fbad04fe98b29b2cd441a3526e12940b7a9b445a26952f78c1,3bfeb8db8a47420ae7671db90a7e4d6e5a07fceba27648ec76213df3c2b38fd7,43b7946aacd6ee882d523f717f81031c848bcf9f54c0768bb4e124ece8aacbd9,uniform_tiles_with_replacement,440,98dda68824fedce53dd91764293cc7038eacc29a12fcfe63ab517a4b701f062b,af11466bf70e13fa7519017bd5fbf5f4950df878e14078305bbc95cbbb1005a8,8e62afe65636cfdd8d49029721a3646320d0c193ac5aa17f71d6e9e0e5c2739f,458e176bbea2421241e48393fa11e028a1ced756fa3df033a9eb0ae6feb7318f,1f7e24f1a68d0020567af2966c4ac1472335c85d59d08526c3a0174bdebdc65b,"[0.9902533888816833,0.9350267052650452,0.9782399535179138,1.0344125032424927,1.0337810516357422,1.0369462966918945]",fb47b0b45259f79dda2cbbef90a72dadb55aac7d57e32307c6b4977f1e78dc3e,0,0,True,0.570414166592219,0.43140723502014966,0.7302079289224171,0.6806689979069886,0.7076694788193426,0.4193278541163518,0.2736635204501186,0.4793071243529183,0.32819780641246193,0.2056150147355359,0.29886769039863503,1.8445090305169192,0.3551004033965544,0.21587968294830973,0.28803905614320585,0.42066720911310007,0.2235959765297569,0.12587000117966263,0.08648648648648649,0.12972972972972974
cap50,50,0,42000,mae,MAE,amp_mae_m075_mse_g0_patchnorm_clip8_agc65_vis01_v1,${SEIS_SSL_CLUSTER_ARTIFACT_ROOT}/lithology/f3/facies_benchmark_v1/voxel_label_budget_v1/original_split/datasets/budget=cap50/subsample_seed=0/voxel_supervision,942b1e3fa4179568800807b7ce5db3fb935a60019bf4c4b1ac1ca3acb12980bd,2987a70f438bf8a11ce92ec138d0b82823c12bd9aec7d98b979d19bdaa82f3a0,30451c3f13bfc104aacc78b1a2ba7074da453398bcbbbf5b9975ae131b9e3805,20520,470136,56ca3f96050433fbad04fe98b29b2cd441a3526e12940b7a9b445a26952f78c1,3bfeb8db8a47420ae7671db90a7e4d6e5a07fceba27648ec76213df3c2b38fd7,b3d59424338848e580272b30661015ad2beb8d5891a191aba25d95d45489fbd6,uniform_tiles_with_replacement,440,65f4176b8ed733e3b66580a0dd656b154fb0f15dac594ca565d72e4ca3022d9f,0f455c8d13fbf38876361854a76f3b7268d736d57dd1080c5f37323025fa3c1d,8e62afe65636cfdd8d49029721a3646320d0c193ac5aa17f71d6e9e0e5c2739f,97888cbcea96e90c2c154c241c1bd30d43405557d20135f0cf743bc0a652d5ba,1f7e24f1a68d0020567af2966c4ac1472335c85d59d08526c3a0174bdebdc65b,"[1.0310521125793457,1.0251798629760742,0.9336609244346619,0.9732498526573181,0.97826087474823,1.0707576274871826]",fb47b0b45259f79dda2cbbef90a72dadb55aac7d57e32307c6b4977f1e78dc3e,0,0,True,0.6420262771562378,0.5112847938770767,0.7373287351057972,0.776849677540116,0.7937158726267783,0.4130927186114895,0.27209404757714206,0.4687187107514634,0.3211896135441801,0.2522685342068602,0.3641703377386197,1.8087262200165426,0.4656606966577352,0.3034926470588235,0.3681855166802278,0.49755899104963386,0.3178155178155178,0.18893023992398447,0.1837837837837838,0.31351351351351353
cap50,50,1,42001,mae,MAE,amp_mae_m075_mse_g0_patchnorm_clip8_agc65_vis01_v1,${SEIS_SSL_CLUSTER_ARTIFACT_ROOT}/lithology/f3/facies_benchmark_v1/voxel_label_budget_v1/original_split/datasets/budget=cap50/subsample_seed=1/voxel_supervision,d4d405a2eec7b6912c977a265c497a8aaeaa0a92d84a18e5d94edf148b6e6469,15fb2e8b6dbe05cbee49fefb3c6fe7e31c246d440c98d6d7e0588009e6edb326,4f2ed47315d08d0fab732be112b4cc045b613a172fd44908cc890c92310ee3f3,20128,470136,56ca3f96050433fbad04fe98b29b2cd441a3526e12940b7a9b445a26952f78c1,3bfeb8db8a47420ae7671db90a7e4d6e5a07fceba27648ec76213df3c2b38fd7,0f6c20a5a876ea6fa72cdb12ede190390681bdf2fd34d2b383e46b848deaa2a2,uniform_tiles_with_replacement,440,8dcc659310999f96dcfe2d150573ffe9b4c0de6cdd4fde5536e7d927282a7c4e,3f473084fc682bfa73a9656c335d9409c0cd09ea2c6aa6ea72ed60de94c35cff,8e62afe65636cfdd8d49029721a3646320d0c193ac5aa17f71d6e9e0e5c2739f,286220023dbe014f834ef794fee52708de28ebb260f1e0cb19d24953977101c5,1f7e24f1a68d0020567af2966c4ac1472335c85d59d08526c3a0174bdebdc65b,"[1.0303030014038086,1.0411752462387085,0.9321107864379883,0.9945646524429321,1.0116605758666992,0.9978187680244446]",fb47b0b45259f79dda2cbbef90a72dadb55aac7d57e32307c6b4977f1e78dc3e,0,0,True,0.6316293997355739,0.49982291338715035,0.7490365166563243,0.7628026783739174,0.7839330282336918,0.4227272834020086,0.27737759352587993,0.48579562105686813,0.333489864124001,0.224204223132682,0.32171446580523166,1.7827194357366771,0.44506337190042083,0.28622605182590033,0.4011391375101709,0.5785191212367778,0.24313456257355825,0.13839111259978787,0.2,0.3621621621621622
cap50,50,2,42002,mae,MAE,amp_mae_m075_mse_g0_patchnorm_clip8_agc65_vis01_v1,${SEIS_SSL_CLUSTER_ARTIFACT_ROOT}/lithology/f3/facies_benchmark_v1/voxel_label_budget_v1/original_split/datasets/budget=cap50/subsample_seed=2/voxel_supervision,2917c3e2bea077da26956303a11c555259245afd66f662b06e11b8f02a8b89b0,e5c2f3fbfd8768c039623bfc077eb8d56608d66f40c612318bcb2aafc183e8ea,b7a22050dd9facc76afc3fac5714e8d76e266d2c564b609f933817f080207280,20184,470136,56ca3f96050433fbad04fe98b29b2cd441a3526e12940b7a9b445a26952f78c1,3bfeb8db8a47420ae7671db90a7e4d6e5a07fceba27648ec76213df3c2b38fd7,2685f4710886616954b976b91329f1fd281323735df87c0e37a5db2f8bc02067,uniform_tiles_with_replacement,440,f9bd59b8fba1a632e1cdf81713f517294cef5f15ba17535b28b8476bc8e766be,a3cdad0b7a37eceb81c879d6f342e810d15a5c7ced99015e001eecab6bfb1179,8e62afe65636cfdd8d49029721a3646320d0c193ac5aa17f71d6e9e0e5c2739f,fdd016ffe32209e71d15ab2e296d3f8605dff46693ca8f6a5b8a5cb62258e329,1f7e24f1a68d0020567af2966c4ac1472335c85d59d08526c3a0174bdebdc65b,"[0.9279999732971191,1.0730462074279785,0.9801864624023438,1.0476486682891846,1.0215609073638916,0.9644495248794556]",fb47b0b45259f79dda2cbbef90a72dadb55aac7d57e32307c6b4977f1e78dc3e,0,0,True,0.6580914819107542,0.5276124710145611,0.7112857426649897,0.8036823387275172,0.8148455854702904,0.43130106062073686,0.2834079345385885,0.48992208219466393,0.33573551283131814,0.2402457757296467,0.3343232633555214,1.7159485399224015,0.5152614170486857,0.3470384773220253,0.51586655817738,0.6712774613506917,0.2572531933854837,0.14761363636363636,0.2,0.372972972972973
cap50,50,3,42003,mae,MAE,amp_mae_m075_mse_g0_patchnorm_clip8_agc65_vis01_v1,${SEIS_SSL_CLUSTER_ARTIFACT_ROOT}/lithology/f3/facies_benchmark_v1/voxel_label_budget_v1/original_split/datasets/budget=cap50/subsample_seed=3/voxel_supervision,5803175bef22a11d4b22323d53b05ede1b739ae57988768d5aa3e80bbfcaf68c,10116802c94b3943fe4b8fffefa7dd317fd8ce08e906bfbef174e636f2ccc025,69f73e71a64bdaa1c5434a1b575c22bfc841841e62d8bfd88c3ec891cba2d8df,20192,470136,56ca3f96050433fbad04fe98b29b2cd441a3526e12940b7a9b445a26952f78c1,3bfeb8db8a47420ae7671db90a7e4d6e5a07fceba27648ec76213df3c2b38fd7,19196495f76624a220aef65a234a655353f421d2eaf831ce7a499a68f8a1775c,uniform_tiles_with_replacement,440,b58b5212ad7ed1cf144c5cca5075bfd5906e90ce86e95fc8c545e30a3b61f9cb,00c70d8a3a0c188a95672691acab36e4530e62d58ea100b3606c70bb31cb408f,8e62afe65636cfdd8d49029721a3646320d0c193ac5aa17f71d6e9e0e5c2739f,7132e72cb809a1225c9749d6b2984b0c2a758917ed8558931fee4e6d60b1fe7b,1f7e24f1a68d0020567af2966c4ac1472335c85d59d08526c3a0174bdebdc65b,"[0.9825790524482727,1.0377222299575806,0.9455839395523071,0.9863227605819702,1.028839349746704,1.0253909826278687]",fb47b0b45259f79dda2cbbef90a72dadb55aac7d57e32307c6b4977f1e78dc3e,0,0,True,0.6430307734334676,0.5033670487036759,0.7122464581731806,0.7619561148263482,0.7795031367552218,0.41984960239856955,0.27578294093401695,0.4778088338305584,0.32809749731842197,0.2335165761694378,0.3431924724292604,1.877948113207547,0.43300578239738907,0.2763288961332971,0.3449959316517494,0.515052888527258,0.347476457517723,0.21027020105007044,0.3837837837837838,0.5891891891891892
cap50,50,4,42004,mae,MAE,amp_mae_m075_mse_g0_patchnorm_clip8_agc65_vis01_v1,${SEIS_SSL_CLUSTER_ARTIFACT_ROOT}/lithology/f3/facies_benchmark_v1/voxel_label_budget_v1/original_split/datasets/budget=cap50/subsample_seed=4/voxel_supervision,97c706fded9e5a93c382cbe2831ba121efa927e1bdee47996297863cff48ca4b,1145582b0586c502bc29810abb0486ded069eadd4400e127b5a5c78429fe112f,37ef1d7da36ac68f6f6464df6e89ee2bed19a75c6af6f3db6b1e81d15e9d6849,19904,470136,56ca3f96050433fbad04fe98b29b2cd441a3526e12940b7a9b445a26952f78c1,3bfeb8db8a47420ae7671db90a7e4d6e5a07fceba27648ec76213df3c2b38fd7,43b7946aacd6ee882d523f717f81031c848bcf9f54c0768bb4e124ece8aacbd9,uniform_tiles_with_replacement,440,6f1bc39f901aca8af80f586b94a2ebcb98be6af757bcd2daa560613ffa7c5e52,bc4237b5eb99e724891287a83ac97e7a96cb725e733cca1aca81c2dae54c9c0d,8e62afe65636cfdd8d49029721a3646320d0c193ac5aa17f71d6e9e0e5c2739f,bfe40af01f4013aba14ab450294e249061cf5054e7e752c069e0090ec921d526,1f7e24f1a68d0020567af2966c4ac1472335c85d59d08526c3a0174bdebdc65b,"[0.9884783625602722,1.030227780342102,0.9858345985412598,1.0022155046463013,1.005252480506897,0.9893627762794495]",fb47b0b45259f79dda2cbbef90a72dadb55aac7d57e32307c6b4977f1e78dc3e,0,0,True,0.6742264556672893,0.5257100892421186,0.770242459082637,0.7739526434903943,0.7817392608304746,0.4529687542105596,0.2997293327291258,0.5202239107950406,0.35956196695275705,0.23590069569516545,0.3450224246918812,1.843193449334698,0.5447901766113842,0.3743722505547553,0.41822620016273393,0.5720097640358015,0.4333638558228586,0.27662061636556856,0.32972972972972975,0.4864864864864865
cap100,100,0,42000,mae,MAE,amp_mae_m075_mse_g0_patchnorm_clip8_agc65_vis01_v1,${SEIS_SSL_CLUSTER_ARTIFACT_ROOT}/lithology/f3/facies_benchmark_v1/voxel_label_budget_v1/original_split/datasets/budget=cap100/subsample_seed=0/voxel_supervision,23a24e715ab3ce6c83d729fe2363d5992e2934d8a2206214ad984185abfb5cbb,02e81d8bc3eda96fb92ad57a00f0d5054cfa49c7cde0b97ff70354d9c5137a61,53cb0dfa6db023d370763f541b47cf5df5226c426de2e6a55d146553fbd10eee,40504,470136,56ca3f96050433fbad04fe98b29b2cd441a3526e12940b7a9b445a26952f78c1,3bfeb8db8a47420ae7671db90a7e4d6e5a07fceba27648ec76213df3c2b38fd7,b3d59424338848e580272b30661015ad2beb8d5891a191aba25d95d45489fbd6,uniform_tiles_with_replacement,440,1aa08564dcfa1a9e3b04397e4feec448422b6352b4c2a0abf01c802261bae5d9,9d0028f599b857fa2bc49b42b66d11d3d6b7814fcd0a34d179df98d66abc6920,8e62afe65636cfdd8d49029721a3646320d0c193ac5aa17f71d6e9e0e5c2739f,fbb3623fb7b890a2fad4424bf6bc70756fe912a5affcc0c89a2355f4842dd159,1f7e24f1a68d0020567af2966c4ac1472335c85d59d08526c3a0174bdebdc65b,"[0.954157829284668,1.014985203742981,0.980061948299408,1.0377658605575562,1.0032198429107666,1.0142227411270142]",fb47b0b45259f79dda2cbbef90a72dadb55aac7d57e32307c6b4977f1e78dc3e,0,0,True,0.7196349033091676,0.6028229468290695,0.7840613993549828,0.8636118059455137,0.8693441448098663,0.4937373161007908,0.34136011601474436,0.5622396392455143,0.40966890327842914,0.35957664098041037,0.4905765481385201,1.6883043149129446,0.5500653025685677,0.3793724665966071,0.31733116354759966,0.4487388120423108,0.3478801270542743,0.21056591156064533,0.24324324324324326,0.4540540540540541
cap100,100,1,42001,mae,MAE,amp_mae_m075_mse_g0_patchnorm_clip8_agc65_vis01_v1,${SEIS_SSL_CLUSTER_ARTIFACT_ROOT}/lithology/f3/facies_benchmark_v1/voxel_label_budget_v1/original_split/datasets/budget=cap100/subsample_seed=1/voxel_supervision,14c4fdfe83a1af3168e8b8901b8bc51bb24075da24fff382166311954914894e,5174cc1e838694fcf1e3d84dec1c68150f5b43c44c023e7b390b7230b632e049,1f5586e90fe98c968c1db936c172f6aa04d5f932fe41b1f6366b10c22f02a7bf,40320,470136,56ca3f96050433fbad04fe98b29b2cd441a3526e12940b7a9b445a26952f78c1,3bfeb8db8a47420ae7671db90a7e4d6e5a07fceba27648ec76213df3c2b38fd7,0f6c20a5a876ea6fa72cdb12ede190390681bdf2fd34d2b383e46b848deaa2a2,uniform_tiles_with_replacement,440,d16d0df5105cf606cd6edfc4b050010111a53ad75837889d30d19d533c61c4bd,c88645452f149896b73bd9ccf601387699e204c9b3a6e91181cd5fe260d6e0ca,8e62afe65636cfdd8d49029721a3646320d0c193ac5aa17f71d6e9e0e5c2739f,c34c83b28d37f9a6322aefe258db2e6d55ca1087f202f187b3f1e8f65e3a7d56,1f7e24f1a68d0020567af2966c4ac1472335c85d59d08526c3a0174bdebdc65b,"[0.9886714816093445,1.0425069332122803,0.9322974681854248,1.0240780115127563,1.0041841268539429,1.0158730745315552]",fb47b0b45259f79dda2cbbef90a72dadb55aac7d57e32307c6b4977f1e78dc3e,0,0,True,0.6968579326204618,0.5752947704741674,0.7637722623826408,0.8314317559174367,0.8440422735546028,0.4578429563582534,0.307987126269469,0.5292115131987739,0.375177821026305,0.31126891537746215,0.4335954011328092,1.765646324819653,0.5364156166722723,0.3665081581785077,0.4825061025223759,0.6684296175752644,0.3008047359171214,0.17702776265650516,0.24864864864864866,0.34594594594594597
cap100,100,2,42002,mae,MAE,amp_mae_m075_mse_g0_patchnorm_clip8_agc65_vis01_v1,${SEIS_SSL_CLUSTER_ARTIFACT_ROOT}/lithology/f3/facies_benchmark_v1/voxel_label_budget_v1/original_split/datasets/budget=cap100/subsample_seed=2/voxel_supervision,12a37b68c6afb085d57969ed510b38d47d1bcc895e074b8a8d45f540dfb53cdf,7581b51326f8de81a2cc0cd0b83507331b546649a63c1f4b1ad48fec16db9674,87e11b5e4e7f187a4e278384fbe9139d0cdb1fb1cade64a5cd74a0dc6f95cc02,40520,470136,56ca3f96050433fbad04fe98b29b2cd441a3526e12940b7a9b445a26952f78c1,3bfeb8db8a47420ae7671db90a7e4d6e5a07fceba27648ec76213df3c2b38fd7,2685f4710886616954b976b91329f1fd281323735df87c0e37a5db2f8bc02067,uniform_tiles_with_replacement,440,030c8aac43996fc4e1ab3b3fd96400204e1442a9ec1a0532ab52b9d3173b2221,ca1f74e8284ac0799e1a98fff00be0eff3abdc445afa7ec3e23e6209c11c6d48,8e62afe65636cfdd8d49029721a3646320d0c193ac5aa17f71d6e9e0e5c2739f,c8af96e1b65dfae901a338e64694cf53b89b55aa321a311f0f70f4b28ec98965,1f7e24f1a68d0020567af2966c4ac1472335c85d59d08526c3a0174bdebdc65b,"[0.9969491362571716,1.027122974395752,0.9797378778457642,0.994892954826355,1.009617805480957,0.9929912090301514]",fb47b0b45259f79dda2cbbef90a72dadb55aac7d57e32307c6b4977f1e78dc3e,0,0,True,0.7108649981325645,0.577694032499077,0.7748335598747422,0.823750999710722,0.8334716830046927,0.5215492636554341,0.3617694492912766,0.5887681145519464,0.42983417607075686,0.29588117725437946,0.4137633734373163,1.753362379238492,0.5819081293533849,0.41034586079958907,0.51586655817738,0.6757526444263628,0.4200433740440589,0.26585753503828924,0.15675675675675677,0.2648648648648649
cap100,100,3,42003,mae,MAE,amp_mae_m075_mse_g0_patchnorm_clip8_agc65_vis01_v1,${SEIS_SSL_CLUSTER_ARTIFACT_ROOT}/lithology/f3/facies_benchmark_v1/voxel_label_budget_v1/original_split/datasets/budget=cap100/subsample_seed=3/voxel_supervision,c22f466bd6ea2bb3276e4ca1684360095fd6d09ee622b8a00e3707e98984c76b,89c28eaf7bd853ef5f2d9d3e7b88d568c4ca5c28c62e2126af4d51dba83cb9a7,cc2c8a4af74839e7671ee743599cc0c48b39e4a134f9f05910e5ee9b13951afd,40672,470136,56ca3f96050433fbad04fe98b29b2cd441a3526e12940b7a9b445a26952f78c1,3bfeb8db8a47420ae7671db90a7e4d6e5a07fceba27648ec76213df3c2b38fd7,19196495f76624a220aef65a234a655353f421d2eaf831ce7a499a68f8a1775c,uniform_tiles_with_replacement,440,ddd12c9940bb34c2a4f859e762d04a8b30b985463260d61ad4d881d9915563b7,5c705294a1d682e9a41626f5e9ec7cd3043b3d6aa203d2a023692f231fc6c58f,8e62afe65636cfdd8d49029721a3646320d0c193ac5aa17f71d6e9e0e5c2739f,81368a1370c6eedb784667c07b2e902bdadf2520b8416aa73b7d47e1946933da,1f7e24f1a68d0020567af2966c4ac1472335c85d59d08526c3a0174bdebdc65b,"[0.9609677791595459,1.042551040649414,0.9638371467590332,1.0169017314910889,1.0305057764053345,0.991178035736084]",fb47b0b45259f79dda2cbbef90a72dadb55aac7d57e32307c6b4977f1e78dc3e,0,0,True,0.7221617258403202,0.5923890193159522,0.805758179737706,0.8392571511222284,0.8476030985912376,0.49760688695507893,0.34326953586798115,0.5587565627791587,0.402368987225596,0.2933879222108495,0.42718526100307064,1.8156028368794326,0.5717332103799547,0.4002986098500898,0.46745321399511797,0.6684296175752644,0.46892504667911444,0.30627177700348435,0.2,0.3567567567567568
cap100,100,4,42004,mae,MAE,amp_mae_m075_mse_g0_patchnorm_clip8_agc65_vis01_v1,${SEIS_SSL_CLUSTER_ARTIFACT_ROOT}/lithology/f3/facies_benchmark_v1/voxel_label_budget_v1/original_split/datasets/budget=cap100/subsample_seed=4/voxel_supervision,6d6503665d7aca5b514e710ee1d74be4b4c1d17fab032bfbf4fe093208163b5d,8122c98b6ed73066587e88840d50441e0e67952e182240cc56470b3ab7077492,f9ef554e8c4f2f2df77902bedc19bf573190d61faf73c36287343ba3d5eb8fa9,40616,470136,56ca3f96050433fbad04fe98b29b2cd441a3526e12940b7a9b445a26952f78c1,3bfeb8db8a47420ae7671db90a7e4d6e5a07fceba27648ec76213df3c2b38fd7,43b7946aacd6ee882d523f717f81031c848bcf9f54c0768bb4e124ece8aacbd9,uniform_tiles_with_replacement,440,cf2652c49ae4e304be347a292f18dfff1cfb70fe5c137f4202c32b392ba0c836,75b1a9c8a190aeb8e7a56fb48a7187c1067e8f148db930c1d77feb504d1ab411,8e62afe65636cfdd8d49029721a3646320d0c193ac5aa17f71d6e9e0e5c2739f,c7fa5c74e2d094903b5f81ca2f2000c701e1739d51bb1e33894ffeeab432e5c0,1f7e24f1a68d0020567af2966c4ac1472335c85d59d08526c3a0174bdebdc65b,"[0.9864956736564636,1.020246148109436,0.9555806517601013,1.0297130346298218,0.9730247855186462,1.0407954454421997]",fb47b0b45259f79dda2cbbef90a72dadb55aac7d57e32307c6b4977f1e78dc3e,0,0,True,0.7253578458500596,0.6020778406484352,0.7884593642038961,0.8579347252709855,0.8644030495133553,0.5044168135772585,0.34787631588410933,0.573225119542134,0.4165111706608993,0.32587800369685765,0.466913123844732,1.7816706254948536,0.5928112632193603,0.4212734565908986,0.3885272579332791,0.5382424735557364,0.38033458518265617,0.234822934232715,0.12972972972972974,0.3081081081081081
