feature_kind,MODEL_TAG,BASELINE_TAG,EMBED_SPEC,LABEL_SET,PROBE_SPEC,FEATURE_SOURCE_KIND,FEATURE_SOURCE_REFERENCE_MODEL_TAG,FEATURE_SOURCE_EMBED_SPEC,FEATURE_SOURCE_DESCRIPTION,accuracy,balanced_accuracy,macro_f1,weighted_f1,mean_iou,class_0_f1,class_1_f1,class_2_f1,class_3_f1,class_4_f1,class_5_f1
pretrained_encoder,amp_mae_m075_mse_g0_patchnorm_clip8_agc65_vis01_v1,,overlap_x16,png_slices_segy_labels_v1,linear_balanced_v1,pretrained_encoder,,overlap_x16,,0.887191203769813,0.843595375486522,0.7537480300317339,0.8961388081944405,0.6508538317434741,0.965348552792499,0.9321930360415394,0.9274660207239941,0.5331781140861467,0.7686980609418282,0.3956043956043956
z_only,,z_only_v1,z_only_degree1,png_slices_segy_labels_v1,linear_balanced_v1,z_only,amp_mae_m075_mse_g0_patchnorm_clip8_agc65_vis01_v1,overlap_x16,normalized token center z with polynomial degree 1,0.5483364272454663,0.5540658007872833,0.36709822110114493,0.5797486530118312,0.2733943735147866,0.8400443295160694,0.40456340500219395,0.673008706868752,0.19909502262443438,0.0,0.08587786259541985
amplitude_stats,,amplitude_stats_v1,amplitude_stats_v1,png_slices_segy_labels_v1,linear_balanced_v1,amplitude_stats,amp_mae_m075_mse_g0_patchnorm_clip8_agc65_vis01_v1,overlap_x16,handcrafted seismic amplitude block statistics,0.47651006711409394,0.3941345565604702,0.3327465727368009,0.52314206720346,0.21928897249089685,0.4338514680483592,0.48175182481751827,0.6550777676120768,0.22746781115879827,0.15261627906976744,0.045714285714285714
random_encoder,,random_encoder_amp_mae_m075_mse_g0_patchnorm_clip8_agc65_vis01_seed42_v1,overlap_x16,png_slices_segy_labels_v1,linear_balanced_v1,random_encoder,amp_mae_m075_mse_g0_patchnorm_clip8_agc65_vis01_v1,overlap_x16,same MAE architecture with random seed 42 and no pretraining,0.8177923746965586,0.7944309607197694,0.6926724903694973,0.8292840908688575,0.5655528347632129,0.9496753246753247,0.7928730512249443,0.8595346197502838,0.4988066825775656,0.6808762581409118,0.3742690058479532
