{
  "accuracy": 0.887191203769813,
  "balanced_accuracy": 0.843595375486522,
  "class_ids": [
    0,
    1,
    2,
    3,
    4,
    5
  ],
  "class_names": {
    "0": "Upper North Sea",
    "1": "Middle North Sea",
    "2": "Lower North Sea",
    "3": "Rijnland/Chalk",
    "4": "Scruff",
    "5": "Zechstein"
  },
  "confusion_matrix": [
    [
      1184,
      27,
      7,
      1,
      7,
      0
    ],
    [
      12,
      763,
      27,
      0,
      1,
      0
    ],
    [
      30,
      44,
      3446,
      222,
      145,
      22
    ],
    [
      1,
      0,
      12,
      229,
      62,
      50
    ],
    [
      0,
      0,
      30,
      52,
      555,
      28
    ],
    [
      0,
      0,
      0,
      1,
      9,
      36
    ]
  ],
  "confusion_matrix_row_normalized": [
    [
      0.965742251223491,
      0.02202283849918434,
      0.005709624796084829,
      0.0008156606851549756,
      0.005709624796084829,
      0.0
    ],
    [
      0.014943960149439602,
      0.950186799501868,
      0.033623910336239106,
      0.0,
      0.0012453300124533001,
      0.0
    ],
    [
      0.007674597083653108,
      0.011256075722691225,
      0.8815553850089537,
      0.056792018419033,
      0.03709388590432336,
      0.005628037861345613
    ],
    [
      0.002824858757062147,
      0.0,
      0.03389830508474576,
      0.6468926553672316,
      0.1751412429378531,
      0.14124293785310735
    ],
    [
      0.0,
      0.0,
      0.045112781954887216,
      0.07819548872180451,
      0.8345864661654135,
      0.042105263157894736
    ],
    [
      0.0,
      0.0,
      0.0,
      0.021739130434782608,
      0.1956521739130435,
      0.782608695652174
    ]
  ],
  "macro_f1": 0.7537480300317339,
  "mean_iou": 0.6508538317434741,
  "per_class_f1": {
    "0": 0.965348552792499,
    "1": 0.9321930360415394,
    "2": 0.9274660207239941,
    "3": 0.5331781140861467,
    "4": 0.7686980609418282,
    "5": 0.3956043956043956
  },
  "per_class_iou": {
    "0": 0.9330181245074862,
    "1": 0.8729977116704806,
    "2": 0.8647427854454204,
    "3": 0.3634920634920635,
    "4": 0.6242969628796401,
    "5": 0.2465753424657534
  },
  "per_class_precision": {
    "0": 0.9649551752241239,
    "1": 0.9148681055155875,
    "2": 0.9784213515048268,
    "3": 0.4534653465346535,
    "4": 0.7124518613607189,
    "5": 0.2647058823529412
  },
  "per_class_recall": {
    "0": 0.965742251223491,
    "1": 0.950186799501868,
    "2": 0.8815553850089537,
    "3": 0.6468926553672316,
    "4": 0.8345864661654135,
    "5": 0.782608695652174
  },
  "per_class_support": {
    "0": 1226,
    "1": 803,
    "2": 3909,
    "3": 354,
    "4": 665,
    "5": 46
  },
  "weighted_f1": 0.8961388081944405
}
