{
  "accuracy": 0.886477224046837,
  "balanced_accuracy": 0.8437672938122368,
  "class_ids": [
    0,
    1,
    2,
    3,
    4,
    5
  ],
  "class_names": {
    "0": "Upper North Sea",
    "1": "Middle North Sea",
    "2": "Lower North Sea",
    "3": "Rijnland/Chalk",
    "4": "Scruff",
    "5": "Zechstein"
  },
  "confusion_matrix": [
    [
      1184,
      27,
      7,
      1,
      7,
      0
    ],
    [
      12,
      764,
      26,
      0,
      1,
      0
    ],
    [
      30,
      47,
      3440,
      222,
      148,
      22
    ],
    [
      1,
      0,
      12,
      230,
      62,
      49
    ],
    [
      0,
      0,
      30,
      52,
      554,
      29
    ],
    [
      0,
      0,
      0,
      1,
      9,
      36
    ]
  ],
  "confusion_matrix_row_normalized": [
    [
      0.965742251223491,
      0.02202283849918434,
      0.005709624796084829,
      0.0008156606851549756,
      0.005709624796084829,
      0.0
    ],
    [
      0.014943960149439602,
      0.9514321295143213,
      0.0323785803237858,
      0.0,
      0.0012453300124533001,
      0.0
    ],
    [
      0.007674597083653108,
      0.012023535431056536,
      0.880020465592223,
      0.056792018419033,
      0.03786134561268867,
      0.005628037861345613
    ],
    [
      0.002824858757062147,
      0.0,
      0.03389830508474576,
      0.6497175141242938,
      0.1751412429378531,
      0.1384180790960452
    ],
    [
      0.0,
      0.0,
      0.045112781954887216,
      0.07819548872180451,
      0.8330827067669173,
      0.04360902255639098
    ],
    [
      0.0,
      0.0,
      0.0,
      0.021739130434782608,
      0.1956521739130435,
      0.782608695652174
    ]
  ],
  "feature_source": {
    "description": "pretrained MAE encoder embedding",
    "embedding_spec": "overlap_x16",
    "kind": "pretrained_encoder",
    "reference_model_tag": "amp_mae_m075_mse_g0_patchnorm_clip8_agc65_vis01_v1"
  },
  "macro_f1": 0.7533253475368245,
  "mean_iou": 0.6500590889768743,
  "per_class_f1": {
    "0": 0.965348552792499,
    "1": 0.931139549055454,
    "2": 0.9267241379310345,
    "3": 0.5348837209302325,
    "4": 0.7662517289073306,
    "5": 0.3956043956043956
  },
  "per_class_iou": {
    "0": 0.9330181245074862,
    "1": 0.87115165336374,
    "2": 0.8634538152610441,
    "3": 0.36507936507936506,
    "4": 0.6210762331838565,
    "5": 0.2465753424657534
  },
  "per_class_precision": {
    "0": 0.9649551752241239,
    "1": 0.9116945107398569,
    "2": 0.9786628733997155,
    "3": 0.45454545454545453,
    "4": 0.7093469910371318,
    "5": 0.2647058823529412
  },
  "per_class_recall": {
    "0": 0.965742251223491,
    "1": 0.9514321295143213,
    "2": 0.880020465592223,
    "3": 0.6497175141242938,
    "4": 0.8330827067669173,
    "5": 0.782608695652174
  },
  "per_class_support": {
    "0": 1226,
    "1": 803,
    "2": 3909,
    "3": 354,
    "4": 665,
    "5": 46
  },
  "weighted_f1": 0.8954578149247504
}
